real_name,DRF,DRP,DWC,LCF,cDWC,cEMC,gDWC,gEMC,oDWC,oEMC
0,1.8470393531910316,2.2693346156913736,14.202138638681037,1.5336359622442917,1.779229376268259,8.909965103776498,0.6172230578849979,5.517474243852185,1.2181082777161065,6.362873573729475
1,73.04889732374406,35.49896209467915,14.884297383838291,1.0234219335276515,4.457053154819427,4.296519813902994,3.8991471801499396,0.05003433564564866,1.4732205956847895,0.19576673940931363
2,16.511898838078665,54.61046376209819,12.127771084425397,1.0742516635321901,3.9130661001280087,3.434350279602232,3.3538933667036974,8.453082756484708,1.839363924817293,7.34554542903724
3,46.23542496157944,9.625287389933456,7.73040398107944,1.9387915862737783,4.02959336700309,8.411394543371715,3.583015020861913,5.12050158563112,3.8885699846086337,7.250138419252372
4,50.639495831167324,87.47778210391878,16.34767177466592,1.345358300953254,1.8612481447676448,8.02878758400764,0.2850913617863816,1.9130901074722835,2.93670593819467,8.107483113263338
5,92.51597251022304,28.34118175534275,11.851628061511306,0.5348234328399685,4.398686146372599,8.63536240674109,3.4699646245708067,2.1333323961435084,3.9519951488238325,4.454554541431941
6,18.143281168220273,98.37068120593717,17.533232679856965,1.6719714480316286,4.984788087479153,9.406581564468954,4.806811198807061,1.2876138838937192,3.4492211553564918,3.619002986485873
7,5.462169426970257,96.35990485891719,14.923718654967978,1.4801516872944374,2.907665715608079,5.780975461618947,1.1491997411070816,7.625899898647535,1.9684134058913698,4.065828072483645
8,81.90175570681299,9.30687015029993,18.38164352169106,0.9002952269100284,2.707189809897122,7.719136458926369,4.433371611954101,0.9856409694530262,1.8315947440580853,7.632964011835597
9,50.02758231124339,46.553081138221266,1.0993828546754605,0.4916587278158966,4.188771436966789,0.6667171250684595,2.6233522295874696,5.792286016445462,0.06702420361242563,9.0703755833044
10,52.678427747150906,95.88234693927103,14.023729624551384,1.4107783279137036,0.5271876195583575,2.750227658365781,2.929378905013567,7.107510510978883,3.9048155347259743,1.3784661389657293
11,63.43648518620224,25.59372915241652,2.8619507781003413,1.9241266060158382,0.7617575893637142,0.8328108839794525,3.0617323926345423,9.534582989468262,2.1292088691155455,3.8202821358373256
12,36.45839513323055,83.494478631694,11.452575876230233,0.8902281411208006,1.0984875519133428,7.768415986827946,0.07904450870068351,1.9195459638031864,0.2048457706299418,6.74948646383746
13,23.528712385661912,93.83421591231314,9.493092820182273,0.748330352832134,3.572262303965022,9.900939796077358,0.49937532639493953,7.612340418721132,1.773453926853419,3.077614571747082
14,31.21748645615792,16.71703966532784,14.678833567218742,1.8244100189980212,2.1176106075930177,6.857819736351313,0.4464221869257626,4.403443792354928,3.4264425226353454,3.3581965337006796
15,45.33297542754269,10.00711654745034,19.008040759849358,0.27154238502965006,2.0993284009074773,0.23457701763404404,3.008071687430359,1.3886733542041898,2.8178974165084614,6.512462287473174
16,97.24822583762788,56.31148614799808,19.23707381120449,1.5028311954472549,2.9691404246382955,0.6495086504461783,0.9273412875505426,5.298092274903977,1.243374649646057,2.507655973350368
17,55.35961532567344,11.720043199369726,19.881541522553572,1.4830773914821227,4.36219051346102,2.597712917610269,2.526511798943144,0.8903271849287432,2.956868506983628,8.40707934818844
18,7.538189271781767,83.93871485258586,16.235687044055968,1.1748695185313816,2.5207438405671985,9.508563588621413,0.2036494332770542,8.294489269943321,4.769887392822053,3.2135899175008946
19,82.38203101191492,78.51952217899952,11.545317574518547,0.5098556090638762,0.27617646543768587,9.150958444834371,2.8005563389950066,9.245282678531808,1.9272679163208493,2.602031644680073
20,38.99115810201631,30.67901935891205,2.104626806649852,1.0890876068078224,3.999318184644685,3.1528759972587688,2.542881027481896,0.25877277505689766,4.751474449357102,2.926680324775424
21,96.0280247270376,8.974676924036046,15.120672805148958,0.7399249978689257,4.847619460594613,0.7019950041648383,2.6769636493094335,5.486047340994329,4.657065105971784,2.7405266018900614
22,24.871897253949353,33.13021274119668,11.417697918774754,0.9334806456768905,2.413201511082392,5.413077154939971,0.8336617151760508,3.190959529920029,3.4781096299771934,8.183407617989122
23,69.92206470130742,21.564297826312448,5.019318345410477,0.1157566360737081,3.496773031688005,4.052132493346665,2.504440777311276,1.5335280791877728,1.578060332975095,3.959634862441262
24,79.7172358292334,96.59627281756129,18.79640995006742,1.6573542143431135,0.11946700862889734,5.436993928522796,4.613364003029668,2.6211522682373496,3.8691798867260516,2.9911216932508786
25,84.96597197214024,75.76021063397776,1.3670588349181678,1.323357693920913,3.730347361982837,6.1065244815339845,0.15731795685160296,5.379302340464739,1.8901330709963466,1.9375968739162086
26,82.7370078713331,95.32920309102315,4.82584944157428,0.9047081948128687,0.4930999527134682,8.275105927515728,4.5332609761257086,2.400500923188041,0.2854649680837856,7.120555057701651
27,32.4501229861256,71.61665414580428,4.143541547746239,0.04024753182189028,4.5053892246778116,3.234212112583463,2.6704311547703936,7.28280987083264,2.747964094579418,0.8217710864735089
28,66.42135296647623,13.486749470756992,7.437113566381569,1.199097838608531,4.843338346280319,1.549670051820517,2.5709496825165274,0.40123386651437787,0.785341221970631,5.695913401154748
29,74.57727582850421,60.39874445345298,16.396598031757176,0.32148640008844565,4.531513431982333,1.7432446521334217,2.2067436215899554,4.1507471098567,0.020576807087474586,7.133114323286458
30,98.76733160649431,22.818756423363226,1.8739909234060015,1.5552073226284298,0.9436061961526807,4.367622006233626,0.2101563778783623,6.240629988485419,0.8651226524537242,7.780652079576443
31,61.95558411618987,31.683833661627663,18.622234690440855,0.4224793009675621,1.4471747324202706,3.5176975201031175,1.0264407199327288,3.985560701505482,3.6847435395478643,1.1470740017039551
32,27.6634270745907,62.35176324142607,0.8564158863331862,0.261050555397416,4.215235939447074,8.869270335916069,3.588227794623186,9.064021365723935,2.863719676771904,2.2300827143666764
33,97.40469818988126,23.805385727286154,10.347319823579742,1.4050018376281546,3.3279323828910172,4.0001924730923495,2.816008787795397,5.02115793020954,4.966463055233249,6.558844878968214
34,80.84671956779755,47.56632576711971,7.660536560862329,0.5831426657307199,4.557211428323731,7.88612227446519,4.816065968076183,0.17017102499610387,2.203146704791072,3.741601439003546
35,50.39675976672683,17.785750962241256,18.420612230815227,1.2445998268323955,0.989520892934836,6.8246674138040575,4.9860869431902675,6.188895492998024,1.1269670466459483,9.638175775716245
36,45.54310995040146,4.484715382378235,11.295777668588514,1.512622555030761,1.706207698116982,7.703231757940015,3.2320289483962843,7.464977634200891,4.1448423444486435,4.571262999971472
37,63.667323790380415,30.05211500464611,0.8130422034363495,0.7157333059487037,4.992696984489504,5.907993112912714,1.1861249755688443,6.020646672622282,4.828860568761815,2.7724226707566535
38,14.969722163162597,63.22337746879191,17.224064533923265,1.82314308007079,3.236071580894441,0.44612249113939795,1.8704569243002283,1.292000855845656,2.218265169649828,3.5406627701520685
39,19.554422920822752,16.53907286210493,5.567414300182856,1.8012576158628608,4.695154835282502,8.54967505107149,4.2150340906661485,9.521657547735213,2.1469472130321643,5.666604153822385
40,71.08655600672321,31.319266916414445,11.935827190947364,1.4383599108282648,4.731760704951801,4.886763291471578,1.1725650172868396,7.0822874890092224,0.12585355725074954,1.9227211692545754
41,3.733142027444495,89.97658674060516,1.0038955322569503,0.18231533940766873,2.7356734854476783,7.006669603770266,1.8220039763422786,4.939078859413289,1.3557422485426585,1.4549804081684168
42,67.84935925840746,15.237900171241073,18.3555699021747,0.2120600359856803,0.9547289318362981,8.574629641660325,1.5767353846122232,4.272265441318513,0.9219008824755547,3.8567409856669044
43,99.48869497757225,27.657093738449746,13.839550703196583,0.6513008313859773,1.0769611671095154,8.215798390582545,1.2564346752031788,6.387776641096773,2.0664844381797147,0.4671003109752692
44,73.93619818372763,37.76757605719266,8.571927778704257,1.6184422407095875,4.47559192791723,8.766212741567383,4.8301770837056885,6.415041223857367,2.056749571862972,8.019219096696057
45,84.82181055552638,5.308104063128178,1.5015275796269938,0.9356547612069833,3.7868594526550647,3.1305896731534433,0.29793821997415076,4.367627258029211,4.121512226997406,5.857993875711035
46,28.119967182696776,73.96287321096644,18.910012502573043,1.2070667080678656,4.447914351869701,9.453840233913677,2.834424136414641,8.579242721675246,2.976719786008006,0.080050189716487
47,26.69081524887079,49.93143318153517,8.060016703313647,0.00884960975884005,4.260882675353261,0.28401796843625143,2.3832097428799877,7.016451267612792,4.319171180166626,6.531497778597505
48,39.852717200922214,24.776715566469992,2.3393789768061075,0.21548631677343708,3.6849283846512035,2.707451080017142,1.2797633032642923,9.681723581100567,3.060025027230018,9.397468983824954
49,12.088463346331237,21.969148071198326,5.182933783986655,0.07895033841169576,2.86881284843981,2.1148212892057963,3.2107534328971714,8.82100374602915,4.470393195384469,0.02995298993952464
50,77.90706484776211,33.91411501193687,10.838834800770965,1.6410001578151783,2.2056276949781157,2.9346567509891552,1.617743888735799,6.067273833862423,3.176782570350264,7.008362107685012
51,48.48515659822261,96.79992428744103,0.08191737759522465,1.8390436333617703,0.8719367048692221,9.949981103908422,0.9685808971498737,3.694668913480421,1.9569440105356384,1.8220682299954816
52,61.64233824102872,32.78526517191224,11.498938927802293,0.495354030503894,0.14129564727601746,7.234177733963639,2.944310415120428,8.252838750685337,1.018215096564377,9.164676107918774
53,50.209022440956275,6.264209460644936,6.644290084584181,0.20811309996384075,4.371279762650723,1.5309012610609316,4.6598327776765505,6.151531873018314,2.4173825732807392,5.145674749275257
54,75.92506010899287,38.4519659375712,18.949194121292134,1.5869074209684666,1.304300511867147,1.1889041795314896,2.4170229065671447,9.926219545101812,2.573222350846832,6.611206456297426
55,4.498574007225789,65.15016607085683,6.799701503930562,0.2857056732259945,2.9874425407229523,8.619803428190147,3.524769119150226,4.689829019872246,0.8197116498457673,9.450407900581732
56,53.0267934942215,24.280709640716218,16.284404506446503,1.278691370675993,0.5159155230635658,2.471504803224951,1.3108891013533723,3.129603466511657,0.0824865817420729,2.702345451368546
57,20.824961143664584,37.515082636070225,2.8371645133636605,0.23771165246241602,4.751774287447072,9.698199772623791,2.8727709925338414,4.97338996414782,4.24819467490609,4.723167386609822
58,78.32600596542588,44.50853491360083,10.464325316989925,0.02227837487746468,2.673525988955188,8.359270431022406,2.185118009016615,2.3106449094656814,0.7965729915427089,5.172973034654343
59,49.070939368938,68.3348818537066,0.9764408389012585,0.6834656321439636,0.6552395811617661,9.443381572624912,4.900373466143262,5.914764328296388,4.551603943884352,5.440765726804708
60,70.34516502053398,56.55339271784127,19.31894771047459,1.183819175497982,3.0132781813801595,5.126088829978573,0.47902290689161797,1.5722788746596232,0.04234899588210775,3.903678017598564
61,37.31881687069682,40.66263236296666,18.8629989158941,1.8421277517687344,2.8848633397511136,9.536377819401768,3.712484725115947,8.228063183692061,4.3684322095744115,5.619779676228571
62,0.7609932039081813,72.98732439900417,9.78865973864239,0.8958589676744922,0.7390642720404828,4.864702494122478,3.3246118754678604,8.147317869041972,3.8452791577759173,5.940916894983051
63,69.52186212468075,11.469626372686587,7.527175967497989,1.7479540766511958,0.7169841203190013,6.561863485621398,1.9155796421765767,2.00292932260073,2.3190649291660286,1.9115869677376325
64,30.65170792841545,56.79289810210898,2.938917719638568,1.6044003967586598,3.2448812173462565,2.5513864106078534,1.5213514065605058,1.1802197627639008,0.425054044400336,1.3660167018404092
65,97.75728487481268,69.08671341423691,3.621586031483006,1.1687710655623844,1.898656868955587,9.935148304002263,2.350094722002197,5.578506657635871,4.033032814804526,8.45842826110235
66,49.008222054219466,29.492382801857588,13.977770223178894,0.45009131924129525,0.7792230855166464,2.8276238816537047,3.1534918102930725,6.861093217999619,1.0775521947025974,4.103140472404448
67,62.55425626524244,65.71564732041179,18.4859529851376,1.7460546214701336,3.964483635198104,1.0478339361119662,0.0516915515420342,4.073582515701456,0.5264637124166978,1.1889396062517414
68,3.1850261599346035,87.51717258529328,1.9758921829870568,1.1114352278716864,2.4105326104545606,8.659603834708264,2.8048173989585337,7.451129457276101,3.6682468694754764,8.613759120086327
69,90.30575489715883,71.28957767810206,2.4505343696431487,0.45658860457595923,3.1810806531628533,7.93308465324555,4.766298814612841,7.421578465356463,3.5853060457816746,0.7605749075373722
70,41.259276310102635,78.10372599528834,13.302966001130951,0.5611624170328442,1.9457690793583944,9.0202616468652,1.2896932430568313,5.108390618829134,0.6003890026185217,3.9114091382937883
71,78.3087408672219,99.58241042003121,16.45882148676691,0.4793802455135196,2.4536626015886096,0.46845280249205623,2.584699657428329,2.8486436461219484,0.30096265394855,7.648528312700126
72,63.76405059771072,35.129159006780846,8.277943545972793,0.5882329273070361,4.470467953637794,0.14639572942646778,0.9651158748561988,8.03549154556223,1.5030271420700514,4.265993156898797
73,86.96146343095592,60.161045103163765,15.870095070646283,0.6911076403033476,1.7132661672948473,7.997928099996715,1.88463152411524,8.916491610559818,3.820560426865221,3.1262194848322187
74,83.56844231901424,23.19139823288955,1.449500613438409,1.8887773252968194,2.891612757000383,4.446821220539987,2.1969540146949256,1.7567665016664487,1.5278226930024208,4.734595089310279
75,7.222391398747168,7.442676684886218,9.279187245010217,1.9942924066773742,2.830203283786962,6.614118385713226,0.4562246319223279,1.6304237420932857,0.2453853957328839,4.058254134640739
76,89.52708785803432,1.4542636967977787,12.370086350593084,1.4256989451960511,0.590785609047481,5.794290103126939,2.251983710633491,0.2475050079836694,4.616666475716361,0.549400273648287
77,32.25893426483144,2.7206009358496654,0.6179967952560296,1.1662723661595154,4.797239294189985,7.792984447813223,1.4740799331193117,0.8241897828007384,0.8930848741181427,8.101734176550696
78,7.721844988455219,38.81949766482247,2.181800069089282,1.2418810845727766,2.1836456979870973,1.4339478054597923,4.055888750066908,4.671655157029124,0.9101462316467422,3.2504576981394844
79,15.553666942169755,15.439395367610487,4.329479619358109,0.019180481103209218,1.0061628354856447,3.9010113937214874,0.37204047961125475,6.6475941311466125,3.2427173015215507,7.519554244038429
80,81.35380812848506,84.80986054840116,1.4396086662718015,1.5762844698595022,1.3186918737492666,7.611636307118047,1.5308112519466253,0.3259184743293864,3.1281336343147736,4.015449472591601
81,0.12647481432676239,28.317128656721252,1.7950772176778655,1.494335203436462,2.250697856952331,5.7233900698383,1.1092698755570578,1.7195162036629443,3.598260118277641,9.020508179502933
82,78.86167221637052,99.88468980297758,5.602925625361194,0.7585725990608525,0.9124318231823396,3.1224347893723365,2.29901393842849,4.657489028978123,1.9021371375409224,4.773163459188111
83,75.66432333658042,81.35476831191605,0.12299696246780106,1.9867693077072641,2.274801099741101,8.574197521151913,4.690909248079132,9.86103037281776,1.5087668220231507,7.503743421270654
84,25.39727007616103,55.70697784713716,10.080223021099052,0.32450585790236314,2.547890075317069,9.239916902736425,0.5665727025187383,5.768951814753507,2.089978556848343,0.9336542260714848
85,49.58398638887391,27.917184315359606,9.458997170109072,1.399935747249176,1.0636075441893351,6.135344921808478,4.643002140097844,8.425726186266768,3.2305448624832014,7.840793693063441
86,48.637627378303826,11.277186513789895,13.079555801964723,1.5921112281851968,2.92676185590199,9.519890953705817,1.9601248251540588,4.560105816529849,4.478407579543712,7.592540250811469
87,57.52470089679165,86.4983197655952,9.41478377044392,0.94142691217091,3.0256414410337698,2.3125338455995283,0.7753691209018915,5.699087547524879,0.7796702192549142,9.792452074398737
88,94.2985227775522,53.2763275086117,1.5367334148576661,1.7377602709825846,1.0408108409088332,1.8727107195728598,0.6699177335946969,6.994909856603751,3.2208504705852614,7.032851027878417
89,89.17944451550385,43.864489710276835,15.762317555097825,0.8858538042154097,0.11333774777762566,5.988558634019983,4.307264921868609,2.8078610988682993,4.171530206722399,1.9546135082041092
90,22.448833760936378,71.28145944062763,16.080739631584304,0.602215057846204,2.514537495554729,5.939793325484385,3.054226093876857,9.046046487171635,2.585021459168731,0.64984837081988
91,78.65582003996629,61.876124077103356,0.00848484524547654,0.3617838277258305,2.044552649775631,4.40516978413944,0.13812822397110655,3.8346910618885026,0.47971147853195945,2.097048489945205
92,51.14279579627976,94.55459335137458,18.247509537311824,0.26364716879558103,4.662578228301048,3.643064347173693,4.731522967641078,6.810196792479596,2.5123623197051743,8.962850542407184
93,25.784769638840398,69.16877166073132,3.3086752129150545,0.0772176990866721,4.191636103677992,9.363590816859164,0.5985331403028902,0.09395393728198584,4.713660334842187,0.34284692752194673
94,54.39543271244304,97.39540415228912,13.819555056713284,0.1190854302159964,1.3988962241682543,7.639466645084687,4.097258649665208,8.12065785879761,1.1158188596494094,6.147504311862987
95,61.789881036209096,66.46004608533967,11.09468171126821,1.5695207028932798,3.9389067807860374,7.131032343053326,4.084585707202177,0.7163342317332848,3.1988332898036127,2.6758526436281342
96,74.12739662488084,45.03969656353314,6.770690941801235,1.4665198780737403,1.8819332912447457,4.025129239759986,3.390831458837198,1.5163152527738784,3.3452067018132285,8.18643859015707
97,89.38746103851061,89.20528617574772,9.168904833068337,1.9015843165279942,4.4099809041247005,3.4390306899069283,2.844482802057037,1.02208713745756,2.834283157854893,8.824374225149036
98,87.17897644101512,18.5696952449172,17.160667734412208,0.8189214400208026,3.0402396966705147,6.653291617693985,1.45510285501693,0.5344145379020087,0.94533693850927,2.291801421754949
99,72.0998346819168,22.93765479942034,7.757371284506051,0.9570077709790775,0.3587947705247847,3.5023579044856037,3.261986477578807,0.37019286108811394,4.983071829522444,6.070643808945244
100,2.8292228630654424,40.976481024276545,3.427727975072284,0.3837198424542429,0.979867585034862,8.167600231724856,1.39921768855489,8.779891228079157,1.5158406141558947,5.278650127308143
101,63.954391132287114,75.10880828970495,19.13398360382225,1.7067342093427957,1.909488843180901,2.0372949663171647,4.481268637977621,0.6882462875510638,0.31880159413454595,3.2845533602546158
102,65.17222599569584,5.1377838282956025,12.935675079917992,1.8456042726969226,4.56068907091349,3.0452383410020634,4.399214242179444,7.799000746957555,3.5799209751303733,3.4682661932896193
103,18.23618430864584,20.60393060020068,11.70249172136815,1.9218425196483033,4.6777384964062785,9.576668403992404,1.2190140944140972,8.849743221414716,2.437223264628238,0.6663395162959224
104,13.422765056891572,34.51273836086684,16.962331986535368,0.5222099548624136,1.491142062427868,1.4549137008043656,0.014985879574821745,7.915862538726853,2.2477702364588965,4.63417384566532
105,12.121042461072706,80.54460547243788,5.906669176669902,1.2493943796270608,4.150237738186701,2.5799149935909504,1.127002602192645,3.234477007447772,4.595973933588386,5.401070077466679
106,70.8567468249337,78.31398845832881,0.7659521935929224,0.6531854787956292,1.4243031323289763,2.669277572649451,4.5072410136384145,4.208890330390146,4.08118401126006,2.1738362786388645
107,47.37663450192785,4.981779460119765,18.0266345275798,0.7103056773361358,4.515648796971806,2.177089990061612,0.8639217059436368,4.094550714696198,4.401689437577344,8.05395066384163
108,25.639959647647288,28.881953150853786,14.739933028914574,1.3822787432450465,0.4364085532162918,8.368925664290314,4.71035989833485,7.991064646334822,3.4591609226233984,3.675590173203731
109,24.605097037389985,83.7866405628069,6.605094767918642,0.44151714419693466,1.150741839779682,4.939743938310661,3.2400058629328483,9.868014790998112,3.718231362074822,1.890084134369339
110,83.88997091146719,69.37440813010409,8.15885335005381,0.17479286561569934,3.618876867424832,2.7229162774133417,1.50168183446499,8.070379820632304,0.03616527859708909,8.418277657656523
111,22.530626734462107,26.434958007396226,4.485075983554385,1.3025207329915764,3.3605168280838846,7.1177829854597965,1.4483670893614509,8.558069531283282,0.1658971003789805,7.940854846169093
112,75.06839600416735,68.93083287608178,0.3092811601257946,1.971975887141696,0.04779216301087016,4.251235072386249,3.9506278690359444,1.5891227745404202,2.2391505221087233,2.0315053571247437
113,80.62972554213839,28.529552699110827,2.0415166049131015,0.06768407055466964,1.235609658870663,4.76581227535961,0.8079654981215961,7.509876229788743,0.8819605975933167,6.573882966210222
114,99.66264296257093,69.57826847697042,13.693612545529817,1.1032599055829633,3.814099079061023,2.4482840234645344,4.86666017595632,0.6488683262204421,2.0809220330163103,8.22187920542221
115,37.78612279313738,59.75029163893226,5.8872201241864754,0.8775767766354727,3.706395378843469,8.434664801783972,0.8727876086252617,5.706438050774341,4.294588466813774,7.164017995203627
116,11.182695021699722,80.45353423986919,18.136980732343815,0.16088032558320978,3.988870863834666,3.7916111818255027,4.126168819164389,0.6746774125982784,3.6992220630680652,1.854804656043694
117,92.14922733493219,70.0994183513557,5.6584826020450505,1.7809399111493802,1.5502557558840835,3.7563340664264846,4.902940005711265,5.890669804513912,2.305585986543393,8.143587117829322
118,3.100944451552495,31.488258187605783,5.095764162703121,1.9116358697213227,0.22817113558426916,9.237148575000269,0.43381942360263837,0.2278277340064908,2.521035904484398,1.3345850590534072
119,67.59822893158088,48.7467257438683,1.2142199080401732,1.319705473638988,4.718066988934516,0.5058924987206169,0.24304580998591208,9.783510229694633,1.544274617630026,4.3597244684111605
120,15.26067997157644,49.429603300603205,6.172930295282243,0.6918452140738139,0.7866856538112845,1.7904772290242672,1.5825641626888252,7.151897866541292,0.2613843822637347,3.4132111018746243
121,27.871911796682653,21.452736835172633,0.0655216073167895,1.2128667798905735,3.87130724615506,2.846157126908972,4.7963482125737915,0.21429073682241176,3.797836751288271,9.493831099652331
122,27.500915863645936,11.072586003412493,2.461775944842957,0.3949640618150388,2.443698789307696,2.8688099652016485,1.7163857577078159,2.172046059548596,0.4731713232440555,0.7253560619676636
123,16.82568341512112,94.26750171234526,11.760694380427397,0.9711754902664627,1.868981419909669,6.493937580364104,0.40486030417842495,5.215059365324793,4.3556872921442045,4.148659406422021
124,38.54266596405922,89.27709372239138,4.520340966179054,0.5628071708676163,2.140012734689031,9.781897843531876,0.9342378758865778,6.430657674692949,4.876904613512988,9.089105263061539
125,42.688825391395916,81.72491337909398,3.733290491368506,1.9025668467933305,4.59497438732769,4.123371028980171,1.2498101772200607,1.679647310003568,2.5375158469328634,6.729686330492607
126,2.36131292864921,25.47999420142612,5.494657399006709,1.4074374183525857,2.5351400485712015,0.6200695169466175,2.449214576084061,2.4547792115468967,2.149869917477,7.705674237965917
127,92.80811263427537,51.08914383705382,19.21657710640952,1.8299139545707672,0.16956231223956436,6.913918741104792,3.198732411451268,7.595630016377922,1.9794305348261547,6.417122088071512
128,77.23925966276603,82.45028696514206,19.056219605985593,0.17776023610776448,1.3584441205226485,3.318021674886977,3.9249756516395435,8.696458584324732,2.845818739630437,4.916739577063875
129,74.35359695184705,42.23061275859574,1.93475006158925,0.8713628824094266,1.8341574807403884,4.677471181876206,1.6298847942567445,9.893896233162941,4.548280784450474,4.487810223123589
130,40.51371556909068,85.08596291026245,8.207217872865272,0.8568654889538324,2.6291823757546706,5.62198716042591,2.5509408247450125,2.928214761270158,1.388567572926692,4.2430722808983194
131,6.58279947866289,65.35410945784281,6.33576566305984,1.5524681670971925,3.079959958536081,1.3935310269673553,3.6913546828038375,3.7342497937609638,1.6070692060517668,7.873246328215075
132,98.29303554638994,91.47780599763078,2.117958329701914,1.3375886371884,3.3986086327157707,2.429284751714614,0.7923233629952673,3.0025916966060833,0.09069763016997552,6.700743352450877
133,5.645495978243465,91.25705564068954,17.647535278930008,0.25523132239700813,3.8049694752558616,1.979221410190999,2.779664850026263,8.644322323647378,3.281243279174439,8.456510191689596
134,63.099297015426906,92.87444973008165,14.619709507946354,1.6126971970216004,4.288594948917348,7.4765533161517315,1.0805875486281469,3.149060629083959,2.2099271935873315,0.015560479186129204
135,19.99297246302624,29.82014665581258,18.56255054779206,0.5687378509930268,2.3103177710449656,6.0515631563259165,4.354110969762771,6.362514501740133,2.9928207834559295,6.083104353887051
136,41.5467453679132,90.40549478090526,0.26716018260568014,1.6794607922899973,2.129653892241845,3.818308682255547,1.7984576570959332,6.795060418059187,4.30069919870689,3.2243943960207604
137,93.73553855849899,66.21212922587273,10.541473878325354,0.6132558216201404,0.9662176815974766,9.111668622668278,2.4663129720807926,1.2128312595717636,1.8696484103392916,4.097798029047832
138,40.647383522613936,80.23142759028991,4.857429055159363,1.9618566036774738,3.5411715350759203,5.4952781408484395,3.6198568040432315,1.4810815957309234,0.1056860484015177,7.073943164174094
139,87.90466301232038,42.98315642596014,16.32443620972916,0.23341179181488486,3.8315386932790343,4.237915256223389,3.8527050686229507,3.3387162459221194,2.0204448014313616,6.399492979821746
140,31.050472696014776,49.74918325069986,5.854313003613023,0.47298400746277447,1.8194353882904806,7.904855261490917,0.7417925650779509,4.469011518888048,3.019959220480724,3.5109904220068837
141,5.122618451173299,54.44458803152482,4.959171730537318,1.519792325980013,0.08637027654310259,5.140798689332787,1.7236969950717445,1.2673581486145165,4.928361865151484,9.965486376392606
142,32.094585291275344,33.339706766290035,2.210404544253807,0.30960185531198064,3.582427810377677,3.1048118231723407,2.1142530769936734,9.467626937087076,0.7638081632704303,6.439664770713507
143,34.072160202391174,50.90245906018191,9.384789927525784,1.4491159745593034,0.02512449314541325,2.3840324030102162,0.41675939408986706,3.0104202852196176,0.5847023513609005,5.6539312135406785
144,19.402007195759595,12.014208712944912,7.098913756273689,0.6219136023445105,4.524357728992659,4.7014054776394225,2.488415086481301,6.524742327383795,4.016183802218818,8.696081875687963
145,8.051913996468423,62.53897276441,11.963116837877966,0.9497780477923912,1.658689086549385,0.11226125098950071,2.21871833177207,8.96926961657074,1.44780212744698,5.738482131319315
146,95.66565417419064,93.55929687139516,10.125920706866387,0.15497104292630978,2.4319380923441845,1.9685920025643893,0.6930312533863193,7.189406983551645,1.7615431257576486,7.0212524679449775
147,84.02185851738717,35.69975813652017,5.387656557681263,0.3334026734324684,0.1772351242572806,8.252803362744567,3.8183086818347336,3.377674748686512,1.2960716984119873,1.6208221678668024
148,69.7659638253041,51.30794476973469,16.866466710267336,1.6714386598903652,0.37070660285346274,8.97590070539852,0.11874172133423491,3.3200234195582947,1.0334426374379428,3.0175359272618776
149,93.98189767906979,21.23683969255564,0.45868665442922973,1.2750961947097263,3.9807407606266034,0.3647492624843264,3.0808206599915238,3.1241837753712067,1.2624564987115958,2.5552210785979628
150,24.624482870110906,7.289730551907154,7.616018393228158,0.5705224145337934,0.7510970529983922,4.505866975906981,3.260236539488452,7.779983781738648,2.078060185002773,8.236546585010693
151,44.11832869765545,26.327099582143326,9.694943414627652,1.0109114044617948,4.704245592021672,1.2599044055397821,0.520554012738357,0.500897721622252,4.278584584333425,9.672565355540456
152,28.866487526356487,53.92540556299201,8.298418503900264,1.9337625652577197,3.3779532306560407,3.067516574359064,3.019542240958753,7.9790353510854795,0.6161230620267343,3.877175682324874
153,42.07150502802844,83.1987283390594,4.077698319902182,1.1419312697714779,4.421540462924648,9.130967162168949,2.538531507910175,4.595759835119895,1.708601202039683,4.174252198197527
154,29.97769799446027,77.02299551560495,12.51105169843299,1.269852974780236,0.5661405780967523,9.659144716168974,3.0696701082538382,1.4418887737035446,4.8051084522549905,5.000260159189564
155,6.685490712242567,20.085537845535836,4.799472829741419,1.5721517361090724,0.25758400637503254,4.560684862216873,3.439950441889607,5.323647823046525,0.13502273699312242,7.103109452945343
156,93.00283884953366,70.16488682756449,1.2789986398093887,1.096624103232251,3.625383800943852,7.9760174370945816,2.3722342433961585,8.934348509778351,1.2543601968739904,8.321420454832664
157,96.88711352418015,94.11477682577657,16.127825929061558,0.8030839190008188,1.5775941610873594,6.27394530870154,3.5090198168471383,1.233320318884603,2.462133305709828,4.377178888679254
158,72.77491355889237,93.21251892032132,13.53055892393744,0.8539991913896459,4.860128234811831,2.755280177226313,0.11053904497435363,0.6033277288754346,0.3856684996076558,4.815943573984615
159,39.313337883267494,83.98702145203623,16.65622363674192,0.7196039511821868,0.3406616439009167,3.7416667553702543,2.329467343933282,3.664397619693986,2.3934294275717667,9.911355966544924
160,19.79309163254463,25.860235463771303,7.027956124356521,1.3060405147132035,0.05614585479924357,7.8473003838614,0.7035280831431577,5.245567085700817,3.093269750612661,8.382843933273884
161,35.473850931278385,91.82432796873059,0.31487699748646175,1.3718466954962134,0.2014862883802598,5.745563125030886,4.678416700002421,2.1213929173427974,0.7591897036510198,6.010614377527428
162,29.102032788065785,12.776986644496139,1.2033920255738988,0.9262656578383699,0.4476610204689847,5.834247452068226,2.703144948072607,6.522113291987143,2.67523173514562,4.566280412927996
163,65.3245292731054,16.800923157319232,5.317025997223021,0.6459427321067095,1.292541213808165,5.595283334058739,1.3328885860192916,4.336304032585319,0.32293846250602826,3.4801549833334966
164,25.99437594691355,7.727695630084735,2.7089815675130007,0.4311273432442799,1.794696621415238,2.0632477380175267,2.047945763600085,3.430230065960431,0.4482478705129864,7.684290513627367
165,49.40336776375304,54.92927321824435,14.479640862910493,0.3985970736900354,2.93289174570256,3.2651607893881716,4.625087167978923,6.681963068393793,0.5516288120597755,5.184083344710267
166,33.672515255170275,95.68292995306169,12.410568590229234,1.2286286475392498,0.836558340768516,7.043218953791648,1.6747415620874042,0.014393577096029236,4.623050519789866,5.237105060975356
167,62.46418349052889,66.94794689809001,12.723591308046164,0.9891807930034581,4.744481339355907,6.840648330411857,2.4115688814118643,2.1647275045356666,0.9573697254169815,4.526004102103009
168,90.4739697973047,61.093801816151206,1.890205928842874,0.35924155643648575,0.2677462317551011,8.093540018505886,4.228432038475664,2.9792779408600985,0.35983952475280184,4.84848070477444
169,60.77283363847062,81.84412649670838,7.576256765589299,1.0618553525053087,3.8190823690063667,9.055357633580114,4.2733239341300795,4.192501677904432,4.864768299767418,4.536169587180044
170,53.14307400450345,44.7420591580893,9.333311004338869,1.1458725069968436,2.8489615847729337,7.445184423155712,3.5953921099484267,7.065963521941833,3.2333938382807696,3.584720174545511
171,36.23032851340849,97.57196041110487,4.127571331670389,0.10315777504877713,1.2772893406185486,2.2400154351938624,3.2783748947529414,3.291776982374869,0.7045921752750256,7.376524603350379
172,46.85788408158589,34.01861020718041,11.208014646976066,1.0303512966809325,3.9735284239785336,0.3105304403423547,1.773614374097058,0.4431566607845161,0.9280915599155346,2.010958840883169
173,90.70993832139442,18.12063047621968,17.056622344586017,0.19778922311751607,1.1292149302316388,8.01410678714665,4.847879452116999,3.5944725354317186,4.308059474693824,7.317271347792436
174,88.5381090579878,98.97746230654516,9.629688069071246,0.7372735070367781,1.569875264971956,8.05669534228457,3.549940457562388,4.309269909037951,3.4381546466937705,4.509746283821464
175,85.40698919914375,44.64830152887412,8.837827497713098,1.5251723442232692,1.4737136604274548,4.720119610838639,1.3034934892839503,4.513771433402547,1.8488547686948331,0.1575818793593955
176,13.085283137490212,26.762276720615297,0.4945512817964303,0.8934789168707646,0.5988737564777821,7.528729242563089,0.07540338333325564,8.220041471819815,3.5197810680112287,1.6663254119690025
177,86.78395240168656,12.392763027006865,15.496014761992758,0.9761141390385136,0.8473201868568353,5.302619843331755,0.2448257256097932,9.71986788288915,1.7448794589756098,9.300633571705054
178,33.89747101888684,20.44254937175904,4.68553437603186,1.126403726066715,3.6988437714171463,5.653611100057025,4.548262093245751,8.060169225248977,1.6428080358702597,5.99428937827012
179,61.40798900323894,77.2324511128,14.389333713413288,0.6783228565670424,2.4744488378459204,4.013653274885513,0.8402601101514731,1.8224753212412916,4.407367608193208,4.672632571665228
180,36.673171200443214,72.25970237728086,3.6819244389351686,1.7140555551851677,2.778450042633969,5.5265480942323215,3.449654643329919,5.054976917768466,4.270424522014135,3.9711272609260293
181,36.77069343143178,29.087824932006477,4.971820283396415,1.2221322498989096,2.8713445769585726,2.6407071255648544,0.30953796920989785,3.3964338356393893,4.507164171590523,5.478322519143611
182,56.05204940979369,39.49580658790469,11.230029325548937,1.6473115174851216,1.070493689935126,4.148107118090216,3.1300555240902024,7.878550578860846,3.4893025366779757,1.3034943108711348
183,18.540759076691923,98.75551420524644,10.197286345430598,1.869007337520259,4.894498497580787,1.3707106985118638,3.8581256502948924,6.252803434082881,2.490356899952644,8.285607255519597
184,99.37310712398396,1.3488012014850015,19.343919865837073,0.007202159031826416,1.2014663354918844,1.4813345202652286,4.234594023113091,6.702042393370613,1.0991771843861768,3.044132475590757
185,58.053594856894485,86.18827982029684,13.325064703638741,1.4920640317371319,3.5195799526800933,7.583696797764894,0.38538633428123126,9.949346844736679,3.702771072683717,1.0268452487636832
186,1.116073652709206,64.55668835808626,15.03359659520318,0.42624327153071984,4.110662181656862,1.2358714252710379,4.1913862522973275,6.900065219329379,2.6874398286547443,0.2655945955935805
187,10.621817854092638,50.70603910900683,3.2584662642217426,1.56222743367253,1.2292847182827948,6.7421212416169265,1.9476172897791635,0.29560208381394715,3.676161180645112,1.866098929327291
188,94.74041475039036,42.7183807239123,10.171396604882535,1.39700302936061,1.288591853915976,3.545901497460365,1.4274927993356097,0.13297230888461134,0.9940316120406592,0.802457844314602
189,58.79612085565375,35.79043390787384,12.790942497013582,1.5165948107840512,1.7209338571519122,1.8403549484960335,2.9349160217872483,9.164274282833782,3.9230900678838436,4.657017737725143
190,49.74273291432052,87.25385363417692,8.391495727855013,0.025390196325139273,3.6341630138821905,4.756233711407472,4.745742231047766,7.842814041454266,1.7313374752721638,7.610645319144053
191,85.22080687887866,0.4290102466166771,7.161499128350297,0.9939221873972979,4.943287211246473,9.709672709707995,3.0447125425377113,7.143170096563615,2.114942523144398,7.85953243177015
192,23.956212533292558,36.584849270124195,18.00710318409213,0.22889496893930977,3.3446226926421883,2.989084937824951,4.64933171541022,1.0091794160370764,3.4370028770512677,1.6534662151896535
193,37.53658380198981,39.687876237410805,10.273056028052391,1.6651153233137388,3.600093693482288,8.335356498226698,0.029719801411778535,9.31068299539461,3.9985931804004626,0.4175024969357954
194,1.5967098678367233,58.470418126504285,4.430539989452612,0.3515036008535168,3.296954618825838,2.52137103856629,2.9749173272598406,5.283778897192105,1.9885326468759692,5.602863938220658
195,2.1503683373125875,49.237181379125744,8.039585793128355,1.959289145166276,1.9261226143479084,0.07837511117212984,2.0904009461120516,6.294176508704642,3.3687591698326584,0.039916361640461404
196,76.2931211712905,51.976239674373645,17.46116526082996,1.7337425027413562,3.286529257203714,6.1613192618680115,3.9337638614019084,2.664614228881967,4.037382191421614,5.1360613569425535
197,59.10998825820275,79.14114691955085,8.795945961399472,1.5848063408836597,3.440109189728381,1.6708132546448276,4.321988071592219,2.829692316941643,4.050977679759463,1.782276968141815
198,16.125652288388814,87.72848181862213,6.063079502393867,0.4639978828770238,2.3334762308249464,6.259953052572193,3.732970494374996,2.875720016828169,2.0498647984434886,2.8821818829443178
199,56.656246174610544,47.281970620641246,4.705132269595765,1.8931807959739564,3.061575501689964,2.516474418158557,4.757656982395575,8.733404708549475,3.257023458779778,2.1196555412759697
200,89.76542609776355,25.275516837342497,16.748860345025285,0.055206943647227696,0.9244081065136731,9.637693372679866,3.9581978890118217,6.485300336307645,4.719731273615063,4.693576840590659
201,71.40127255058941,19.216543913545674,17.554204799505904,0.3047991085027072,1.8089930873250433,9.342439115322449,0.8229262479957983,3.08879761069325,3.2889830618829166,6.3064606552216285
202,17.959166507531226,48.985832819805005,7.306825827804229,1.2571032178339678,2.71844292901944,9.565944150608466,4.603601674259023,6.9648841739494785,3.650474091436374,8.497528959251223
203,34.29776196434386,12.23953676399917,12.455132438546707,1.9330744682756196,4.171459586031751,6.783294454316674,3.7031847209677426,5.366037420007203,3.735060251981848,6.502338447534876
204,28.453089311613233,29.27160674253787,5.545696544077645,0.31961763184622116,1.025577083593954,0.6372516827458183,1.1188921075850078,0.1419218647807779,3.1848953779253337,7.052657276809229
205,45.84713233090052,89.7441962428404,2.9182146452786997,1.4270387718836013,0.50764868359851,3.725334400099391,3.659793880286296,4.740716193450792,3.856014210601311,3.800289642798356
206,14.531747073504144,33.55051464742616,0.8826721135785665,1.978399384418811,3.055116890026734,3.222036969205724,2.916975140160579,9.207080656966367,1.9382931707629951,7.540354916462013
207,31.434152409195836,72.67961016547537,18.169036644522325,1.5304573866640043,2.9893925739278187,8.439637698981155,3.5264627095471552,1.8098751032292526,0.9698776961325515,2.4771762411586224
208,54.890012769647534,31.87472812097184,12.837556468666873,1.3089927962183239,4.491925002167051,6.507795736813627,1.7307757337867975,8.360134168613893,4.088380394840185,9.11938861456648
209,52.52349552201798,85.9874091505365,15.576304995999404,0.6980300757462351,3.645640326557598,2.2560362607318662,4.979782880970394,5.955834044221765,1.2360331318684321,7.906593252599924
210,48.01064273036496,12.605877930082245,13.420146901129254,1.982520383203541,2.622796384968283,8.139341828430553,0.7860084771858439,5.9358560096717365,3.151522337356876,2.7219692015174806
211,32.832182093748926,53.441708045174444,2.6715216080293436,0.37166421414532663,0.4541242435734387,8.595938638253225,1.6678400841229413,5.6360912338418165,0.3972236012830496,2.374703789633005
212,91.05721206618286,15.945910990742037,2.5249597325302258,0.18759735501607336,4.160551960946895,1.0646898913231595,1.7926176638160922,6.317643179893037,4.538884443918237,1.405574031396867
213,91.58948201031198,84.55094068432133,18.86970818736123,0.9651249835263793,3.2613616971011847,1.8755995341715483,0.3997376733950833,3.4895956004413864,4.110827176690593,1.1279690513010823
214,41.89157978119101,21.783294428469834,1.729264133521666,0.24382601037044974,2.0240836223699272,6.472982541385735,1.6495434626190297,9.324933203405946,0.4020185228892454,4.188005358700041
215,83.17817160133278,51.763777840693216,15.34971810225623,0.7719758427411972,4.632761205198534,7.540915853181528,2.9661708361822026,1.6576809260479985,4.439270448852794,5.461251751458084
216,64.38315943176605,53.866769953959384,13.010790591950583,0.7250951753909342,4.979616461020532,0.8095349306179027,3.3048125918794193,3.6417628367681543,3.376639484856769,5.577104910710668
217,55.55686729176437,2.129391385968049,15.952707360055998,1.8735524569478543,0.4056055592388028,1.1172560604597772,3.9416259433901657,2.3597075816054582,4.783788909343511,3.72414396329893
218,3.396087020734652,39.27816818219978,3.911133245221008,0.7845472632894446,0.22370868942483352,8.964162285248385,1.8996788892471925,9.47873716817323,1.6972840511604528,8.309247707087845
219,73.65109704889102,80.0362361330621,4.2484727142299334,0.15697373902950132,2.5734290958080526,0.5837913630478845,4.166234794312292,5.013671643004919,3.3517330117866213,7.4164947118005795
220,62.298008237280534,37.90777239726783,12.491664651061381,1.8625029538995135,3.7305125819801987,8.892652287459386,2.0223309519454267,8.474096288386113,4.802118664680015,0.5164562858021129
221,76.13930849672904,67.60068803880355,1.8211076988308206,0.5525226992322574,2.239878446481751,5.3398346644748385,2.562858781178601,5.75713145650635,1.9433850075237702,9.742121201140176
222,46.458005765081914,32.99553136498816,15.396170916662907,1.363157712903124,3.1021082449896227,0.2220462447969153,2.1022837265122445,9.029568979695277,3.3086622930412317,2.9505226232177764
223,0.4938166758109843,91.01562090903597,13.00700210253795,1.1191812465895283,0.6349382503043663,9.874448655751523,1.0074436988817779,6.589988281485236,2.729198688005263,9.6217056854695
224,74.77188273191932,74.73212605687739,11.994976070797485,0.44868700383463694,1.76303247795468,4.170045443255535,2.436927522976051,9.381648240498029,4.887037505627278,3.8356459636435565
225,31.772970441708342,58.30649544808505,17.312662382837576,0.2908565339413562,4.285363443974626,5.20333061543592,1.3400475978907846,1.3313910408571739,2.98470784422069,0.9952301936712857
226,16.252349828167713,0.15315926944552868,1.56951877670259,1.7415962193124663,3.8481874357206043,6.587948475050994,2.4001291691300946,5.803911001973475,2.7789476814379146,7.179204666093888
227,41.14335362000905,41.92579163826709,9.588691834043054,0.013340536441512046,4.328904768575601,0.07282854573907951,0.7186438913948119,7.435084457033517,3.6184633045908043,5.864119741137197
228,37.064015727682964,37.40023930966915,9.057332352746403,0.9402338908539123,1.6397272358422552,3.0548973118038414,1.234976037296346,1.4883245798282623,1.2717068421048219,0.24041687878662477
229,38.32288792225205,70.75103321815082,11.054945215523894,1.615996770751692,2.1212176968353447,6.2155503377453805,2.3782018205419524,8.68536505001846,4.566190818154034,2.073541528148243
230,4.162610554649024,50.304369874399804,11.654467495411682,1.1061680100870817,4.135742632170224,3.877505251070668,4.070722147318483,5.394354045553722,0.05252648249034357,9.820046150005597
231,56.594781826951824,77.60061302409278,19.896225200191616,1.0712753262604917,2.157941808238405,3.242352046235682,0.421479779508269,8.343998846117938,3.26373830545661,4.98512263239214
232,1.41070692620759,10.870872023113028,17.68845627746891,0.5467336432510844,3.8952795069406427,6.4347101411657,4.58598804977467,0.5702460608485791,2.6538748127173415,8.57571987095292
233,22.06976071435455,43.1923994759371,19.671376105653614,1.7531591063491225,1.1707587362811793,4.267801139272191,4.014815420169481,9.995101467837449,4.055092226940327,8.909475594575184
234,4.966856061012743,96.12771538121093,3.178125141942456,1.4745465654797094,0.6526220024396067,5.379341912661336,3.9664073119266554,6.0976693635816845,2.855949547707621,9.551745920048576
235,77.09725271958618,13.257257089536953,15.619202484955604,1.1809105260014803,0.8609735238289409,9.287303000321979,1.323145701451503,9.920246781048752,4.706595394130947,6.022612247788446
236,57.22607934173271,30.251638378706534,19.783445519691924,0.8300179601346217,1.5998228459259292,5.072202166644372,2.3386758326637365,4.9565666613526425,0.9505556132088006,1.038722695017975
237,13.10762249781142,3.921080026531018,17.948411945152003,0.47243642750564185,2.587407300327109,8.319944538771377,4.721085710309234,8.48746432410834,4.184552522974127,9.937280075088873
238,81.19013179371541,49.20241718596871,6.2698982808715815,0.5121043063038986,4.6543153805203845,5.262343302805431,2.853349823830966,8.76585889118147,3.1221013289493156,6.840377617663761
239,93.41439304218456,24.95862857953292,19.090052503218352,0.5406127567271619,4.9235175307719565,1.0148935407573398,4.671521529973099,6.759382071515526,4.191246313307922,1.7469859335699123
240,16.635416647974324,66.16725326139404,2.361217335792801,1.2971556872301493,2.3971556039055466,4.111415638557983,4.449420993247534,6.931743843239305,2.025372348035892,0.5058331689672294
241,85.77203034996718,72.62256788995134,8.09410357162032,0.4603410701043641,1.6750771656902739,2.8973987879191765,0.006242552092867117,9.149667340993549,1.4389129603991837,2.657041177758923
242,95.42425305229136,64.16303345315018,7.801061615525622,0.3520696446110461,2.7025322404054357,0.9001940374405492,0.5765903313031435,9.964338915047982,3.040828804765703,3.1723349582825344
243,50.78701068685375,2.4663736278448734,3.6346243180922357,1.0789294514096575,4.385827057017546,0.20237409283394348,4.513993611236687,7.237394830577077,1.3363231171052306,5.712982112418205
244,76.48389668271685,81.12244018767579,13.758080649946493,0.31575827523613176,1.8859983061826204,5.007110418814742,0.5274494969766161,0.19435670227757437,0.8588946893172765,5.513773624980695
245,23.639148895171203,57.55025794847789,18.118809319257746,1.9093208717283772,0.005755425682201401,0.47230926142394625,2.1262904963613125,4.3317176613126716,4.0689177903901275,2.8055901532046574
246,9.978498254479614,85.91081619248989,10.60463693460826,0.3446152835531027,3.4651836321307528,7.148463360119933,3.138536042804386,8.523214871347642,2.562101773518562,8.032247844689088
247,70.64996411512406,95.91872806894919,0.6739253877943714,0.629959082245715,3.417226183658693,9.821169330381975,1.7418640375344836,1.0552421061995247,2.756739226472989,8.840663943420209
248,42.56834602086287,26.738143380757286,11.905685072850009,0.6866343488426934,3.7721503318889074,3.48607326815897,4.83996557135242,5.182815592759055,2.961989772342098,6.336125401703415
249,66.30504644369643,78.98118334937782,5.196984115384692,0.48809986263427646,2.649674697222799,1.8330380826322743,3.412960672882672,5.158407855882746,1.6216166369506517,5.295417873819144
250,99.85697650626567,94.43250697190561,2.7804244917821617,0.5297271747432721,1.3094859387359779,9.075894494551111,3.752525916746181,8.797728828306878,1.8804728016731096,0.4382060240793536
251,95.24163598712265,17.497664984963095,5.996972150463464,1.7267315623523185,0.2861665340611386,2.570329025366614,1.5654650065381914,0.9673725694097759,0.7472311394110475,3.059443835256733
252,10.393771961755014,25.1316306256477,16.42701821786535,1.6986143798422475,0.297345826369375,0.8685525595712241,2.708266589529803,8.625371191247137,4.643135035930293,4.865457219893646
253,15.046032026014267,64.90019645960656,12.643090087045756,1.7004832916988692,1.1814733644544102,0.4254686213907826,2.271173239407199,9.011517796858966,0.722187668946416,2.779975395890777
254,91.97203360166067,57.12155696976205,19.498177555424736,0.24775708146478528,1.2527300065638358,3.180342072493981,0.7550852245540219,6.1134173460055745,3.0316601076468475,0.6106279674026626
255,80.4555536262665,97.84855510803911,16.606725547944478,1.5984874309874213,3.5332970436875692,1.1099572588380457,3.908449283171063,5.876822508515897,0.8771109347611201,4.750518248299671
256,43.18054252053236,56.15357584836098,3.0773020304229566,0.9490349232521312,4.271054771342818,6.071708541492562,2.599669427054267,6.154425989278134,2.475744073779913,1.5186908204824787
257,22.714452430567988,47.08522814648792,15.252409365315444,0.8811763228812576,4.7150844692769125,2.6948239996467196,0.9477407665654245,7.570503516063026,0.07789267771561177,4.344108859844408
258,67.31067519791301,13.364175220129889,11.635767984652595,1.5078864277567632,3.1658634261773013,4.473563367583869,4.706639180612221,7.494785794979897,4.976272901925968,2.3921243521819773
259,20.245065548873058,48.33180534890505,0.9329361208534913,1.2232835813939182,3.450340054644063,5.861954433352964,3.699915681686168,9.812543723882648,1.4347966405503068,2.0578405862393567
260,17.70038445994552,45.96993533261234,6.522650150064857,0.7866955518282952,3.878564071695341,2.882171220040593,0.5091662942955931,4.0160051728196695,1.3865834675438247,4.838305857117635
261,86.48291505076118,51.50137212644182,12.756657303576024,0.9608998313234757,4.244719837103656,9.676246661349296,1.2790552945663394,9.567050147880291,0.6323434738420097,6.197715813514901
262,47.6362983154676,69.85955821612461,18.292057890674247,0.13426149104442203,1.019529619526758,6.323010474334776,0.047987946268870346,2.8549668336763463,4.692546331900313,2.16344351558377
263,61.16208371654318,55.56607722780021,9.669050134298127,1.766628407065542,3.22563255411833,8.293257756457578,4.41559287785141,1.9641146917151375,0.5389322882218373,0.9439082475032419
264,55.098879207417205,64.76323008711779,6.170622363051276,0.7288194171609819,0.9979794318018047,9.198772814535962,0.3638695511373408,2.433575693449738,0.6409329542559259,4.612791831665204
265,31.630614236017724,6.0099129661992015,8.60241400171583,0.9098135599419565,0.8540490271868179,0.5398160042244399,3.4241660181901654,8.17580219368286,0.8074248042805964,8.761047814779007
266,26.358928179178992,4.788258573144001,14.59280231259407,0.2997297460749636,1.6981830033415966,3.694031090392559,3.377239309015727,1.6886392702370598,2.680993935422646,2.1960823126721305
267,65.98409518117265,81.60031289709605,18.476158167271052,0.6388337050944861,2.055043791480666,7.289568375099503,2.718858459171971,8.405686049499167,4.824097707669238,2.4552531886447615
268,53.45369535255383,78.38820590483195,13.451570276677728,0.5498666524405866,3.108148009246299,4.299630126334671,0.17899215708658767,4.875913182930892,1.5933737059337296,6.051132658037681
269,79.39993999396904,63.64913442126407,8.760553151541876,1.2965451101404952,3.3027018054133084,8.672530938060547,4.59382179334865,1.3767553048595609,1.0877731937745547,2.0263539737770624
270,47.66664670363711,22.33546843130177,2.236280771322022,1.6332223072898853,1.960697402704452,0.31749100168411726,4.253902001462931,5.834790688369712,1.153908425539942,1.7672329241227536
271,96.38611563326313,4.597672616614056,16.597197450887297,1.91598145011398,3.4196539368957586,9.297285882009657,1.9308537919444775,9.132180285496913,4.57810642689897,3.4345030261009732
272,80.25056448935449,60.56305152972621,12.193854191665945,1.9752986586070533,0.883473540317135,3.2898807897190716,1.4398155731316662,0.7603171094540927,3.634600144687186,0.7913199117532844
273,9.197302093187835,75.84499455256832,13.388118765271837,0.6337555177778148,1.114491253294028,0.16240250094020592,2.038441067752554,7.358776489923504,0.22503581195629935,6.673513112796785
274,3.6291886216681535,26.121386303832278,17.410323784541276,0.9102094218788087,1.3682410163867909,4.416787420746094,2.6387282430966996,2.3637191408153844,2.4830291386130883,6.81753781142818
275,95.78234796142777,73.32729350101408,6.128810196274793,0.22632789020929478,1.6478677940586917,4.382075139197831,1.686298704349942,8.279178135250282,2.5390641270519723,6.92085475915682
276,67.16575555161657,46.481439597798925,3.7823432807833064,1.8478984036030475,0.16234076514512819,3.9338404426052858,4.565503270401773,3.0471123266103692,3.96694587818118,5.7474053064064
277,84.51271284606723,98.60126390688352,11.821088904980455,0.5163255891191231,4.824753720640833,5.367939923472838,0.9998399179356383,6.841689974441144,4.637776895000416,0.8610576580890522
278,21.10987524458264,52.334836469669874,19.61940505364606,0.4108197484653333,1.983845561453579,9.478190887227543,4.37528886897851,9.570492356779175,3.292846394076588,0.537929699800779
279,58.2512968374399,82.21045821262909,9.534545844673247,0.26628284262624563,3.487472742074459,4.346920211853681,1.1409016830013456,7.763271338237229,2.621924349212628,7.911868301362366
280,35.618962274223435,54.14020195678152,7.62419833415986,0.5797235038176467,1.941568646328995,5.712952337961006,3.7800549596130955,0.9229805244237648,3.8654143220618704,8.367738100692517
281,42.79006593871733,90.78287031987571,15.519383587471756,1.7218985145336236,3.0306378406558325,5.112662801200343,4.076980260485583,0.38885724119916926,0.4125402806415627,8.802674917328531
282,76.61482684150585,85.5348411741587,5.4285127819634,1.2158934455900305,4.605999608959687,0.8852595435508865,2.278903399546451,3.932935589420066,0.17664735878041235,8.34055551366911
283,20.929135173014764,71.71182039503053,7.86885520502249,0.7573987054897309,2.941090814216577,7.8680569778356695,4.184474834086995,7.1774326020977695,2.2845389058737746,7.220926674739103
284,71.82519090340101,18.196702310303905,14.499890553901565,0.6664066995021808,0.8024114929531311,5.553162300964004,2.7692532341505833,0.7380705064685095,0.27274300698845133,2.978765388482283
285,33.108327701698734,66.64814583397539,10.276204020388942,0.9228312765627346,0.6208440178834118,1.3181964262224883,2.1430201243295888,3.258107608319368,1.4874187543844348,1.101534576955298
286,86.59202074453272,35.97468864582088,3.574731005229222,1.6806481463277523,2.3669975353515182,6.203541634870662,0.22553882719992677,4.058288422758236,4.260950212535778,5.208706015347505
287,26.949170102187324,14.20427425840545,5.442951016980331,0.08845102278642249,0.10229907618353114,9.835753357345592,2.3581235324947896,5.059304482957037,3.9881483556337822,8.257720013039295
288,98.54028367899366,91.68511442135728,7.933286960737435,0.2386178367742919,1.1106380769515556,5.972414634192509,2.429441156588558,1.8490886392758634,2.9418560824796227,5.36461051781759
289,83.39208478846626,85.66470444119777,8.333806724757931,1.1312822406939678,4.311235228260262,4.614496897539391,1.8594174913785766,6.198724293216278,0.37604660735527434,9.39298886225571
290,10.158858908363658,63.73600392205633,12.669322484696895,1.2884238485960064,4.645715741743264,0.5129522309248088,1.9049111648995742,5.14127107186183,4.788215960811937,2.4158806528232493
291,99.01478046965984,14.961218938021098,18.53531136727235,1.3871682075840837,4.042243362456644,5.477832354745486,0.06320951142263763,3.2618595239244303,2.7845095059591918,3.69580277382683
292,26.540640178060187,35.29072950349499,2.2996140253280135,1.5799077328002338,1.0921877595976364,6.0782176099246685,3.4598158411739446,2.3348185381681246,2.304540827146651,7.474420415836487
293,27.043108038308926,45.17647721210215,0.4092223571227705,0.02770456681323402,4.322526592543025,1.8994773598246175,4.006102785502987,4.289423298546059,3.7849471622306834,4.298130465375373
294,52.77242358629069,3.0457331700959007,11.332858507841458,1.966058029297193,2.1760718837148056,8.69756513465438,4.298326844587175,0.10624190792388091,0.5330414824006902,1.220195460328042
295,94.52467382280913,88.16679482420471,10.722318943171288,0.11236255529437902,1.1597477432278276,4.214983829407618,3.317113346902816,2.245285606054391,3.8179760332385437,9.663430356097937
296,20.546772419721616,90.43746551057028,17.029179269015664,1.941456899776105,2.224592507074478,7.258201456527697,3.6461895702438243,7.039142938223595,2.101864840186757,4.935868444176245
297,37.18870274077302,6.168745326874474,17.90125796499059,0.5557678120288543,2.6121151932303324,9.270226723641553,3.6111193910534256,3.8655242679542208,0.2813214423744028,2.2771042472166716
298,68.54887737836894,4.147304040222689,17.376683627288514,1.5420873343814996,4.915671416488987,1.7221105852275187,3.878617129101998,3.0456787857829464,3.510625502917766,9.694239245225901
299,36.01207037943031,72.31389720991595,3.799176270815142,1.6372664816353248,2.6927703405225896,0.13641238564076053,0.6370508913356223,1.3489498300577074,1.3004358681193349,2.439779982637596
300,6.426983498361466,17.164159195416527,3.862591667251063,0.1515203693593642,0.9304907357841672,4.977235161677623,2.949354608199674,6.330447207460454,4.600949670702245,6.963233300090426
301,84.25573393823599,56.874112995659665,2.9773928600557555,0.6634276338702061,2.7451146478532555,7.066847870623461,1.158934173883562,5.679933158542042,1.1634642127115733,0.4822221201411836
302,40.135402594892554,64.04879393440288,5.122106266736065,1.0325162758996531,2.503632697068782,4.32082294347989,3.5632250791956355,1.0816348089863819,0.4996454123779384,0.7802679329244683
303,71.49782845768708,92.48809267744971,14.234613144500457,0.3428050228117055,2.4908108846872588,0.9946906818584478,3.0948606510724233,8.992963059024785,2.9074603878344147,6.3235564473431864
304,67.47011554803544,9.008096442484696,5.67463875042783,0.8126730937366298,1.8539797119814705,6.388871503756012,3.1836542397478427,1.111364277566762,1.8052119156613045,8.479052108384492
305,59.86110657296375,82.92669856168773,4.744176939720571,1.1619917851415036,3.762689984894618,4.913046906405688,1.0943215533698891,9.09788456254203,3.080670782172929,4.025522861671672
306,57.62149941862249,87.934378679794,14.850147344288985,0.06363050939620882,0.18661288776565751,4.946863981798045,3.2483501741032503,2.904702427377887,1.793098876661182,7.817973051548769
307,30.392033218801274,7.194841120041437,14.138560433328653,1.0822106928438984,4.890180002695962,6.025050333015232,2.3086847915981106,4.239085693705028,2.63128728383667,0.40628697390836976
308,71.28423108275007,27.11956182727268,4.403735664602723,1.7734458468443743,2.6853275163704895,0.9240178445319108,4.553729233080868,9.696581658441401,0.43795826597137855,3.265634970020916
309,10.987315286289439,67.23242233134708,7.057282007097106,0.7133162385767675,1.3550137278009209,4.596821231169452,3.726025893605267,2.5827453665715105,3.0476476676002564,9.121912566921287
310,69.23151767591845,15.7411633371251,14.778991675810873,0.44039866083284096,0.09218694782905525,7.660265869801809,2.259082933920538,9.627490811819081,4.376380327897539,7.338848128886263
311,8.636736703434291,88.87075168415679,16.53879276607553,1.1507868182270062,0.6794582769420471,7.624930519160174,1.5484755567051622,9.798122510805898,3.769208127060385,8.986401190361953
312,45.02704960169011,5.8235994443805215,17.864405555243327,0.8608681089397258,4.964110566580423,8.106158789336943,0.3223185691574754,2.7205517377784783,2.643606632080777,5.4174695509618065
313,52.31351268085193,57.33566597197193,17.118903580384245,0.500695772696605,0.8230055739676942,4.9961982598142205,2.730178730363866,0.28267326102224033,4.58536237633592,1.420590221827665
314,92.68200154976213,41.46060098115896,5.771492926772347,0.590589854458593,0.3923133896067091,5.22299013214031,2.07133080025483,6.8195662638908106,4.247188851592608,0.1110684266228558
315,65.78971340134486,38.274977108898604,17.10248614743858,1.0700760742364812,2.377423637213608,9.164590583017775,0.7652878832178929,9.74787264209151,3.400065894312271,4.800280544187296
316,89.93044940489848,94.99338946151491,13.480302013179967,1.0383839014428842,2.3178996322036336,0.7655192417801442,3.832459912290906,3.1703691948677775,4.946089356210661,7.673619369647867
317,82.91252444359807,55.293552548322644,13.277104923431596,1.140049610462877,2.09982035677636,9.972497502712178,0.22413182223946213,5.436291860129315,2.165744904451659,9.280569480575396
318,80.04520407160511,34.20892713589464,3.3675063775853946,0.3684786538562175,0.6151887171814137,3.327697264109273,3.299147935038001,7.6601021058753975,1.476603345658646,6.787307142299652
319,14.407180831652914,72.04031409664444,9.235216007123974,0.33707550600440256,3.1502013975977894,4.653318862060002,2.47939990696681,0.9145561672665675,3.572857011385648,1.5990597295850488
320,22.168771718700135,73.78800123058863,14.283929405155165,1.1773372326983784,4.905454972548773,8.483846747677228,3.743633511505831,8.831383478136287,1.3181856517549082,6.241060547620393
321,7.902557803819704,75.30809208911509,1.0753714447178115,1.1901398730780248,0.2444472839850929,2.192641118451632,0.09553486648723317,8.663138225042852,1.3399255946838071,5.325175295111039
322,87.58320083846421,88.85445597793107,6.921235187097055,0.8363576443345464,2.7278812244210804,4.8029702280625255,1.6376277331706315,3.586118047909542,4.852163845023775,0.11898382409033206
323,21.758773973769642,59.029911852007686,9.908120594649215,0.7933303526912215,1.4816426192904941,0.9732981066192193,1.381123524234401,7.962629557186957,2.18823646398936,0.17986455813389648
324,58.57668547426568,48.18433513446239,1.6589547063040024,1.928337861386412,4.881209701482164,5.397369914387957,3.5395822417288096,9.1155813708044,3.551678128607895,7.721377468494702
325,43.12917595054288,76.0566421055846,13.909016463212065,1.876920127330564,0.5291629402289447,7.400153722635046,4.172321299463421,0.5663258258318674,4.234859222465818,4.213327457302562
326,5.833137287708302,84.33470358252744,13.660563424507064,0.848912373412804,4.063620633954954,1.6125471230690698,2.0588371021389906,0.812447146112471,2.716053108280981,8.161495329174754
327,46.63426730364243,97.04096251819048,0.6594418876264961,1.6238905137184991,4.221236337282165,0.39804638439177853,2.759712505447845,8.544359361694669,4.86075919659318,8.97845448624085
328,33.392435095704286,65.84829432719333,14.17548148965986,1.9480650730678668,3.087362810202245,7.105221302086328,1.6034292427258805,3.7216449052275546,1.175504484319677,0.7029437424922035
329,73.35319022867183,67.92911975946174,9.089109754383214,1.0066951417180319,0.4844523591295083,8.859520408047937,0.9837628320603685,4.798096920861227,1.559244153617553,3.9345820209189926
330,27.16315411398387,46.23777309905768,15.677173543718041,1.001791275833296,0.42865818013214463,5.8814022191201865,2.979378617151234,2.255446526624273,3.3125811920316766,1.0731536926943601
331,38.189463749118104,16.34970377984515,17.249543375606446,1.4532545223626359,3.3971719013346435,7.3186591036911075,2.2936526715107117,3.67493815688456,3.5030418651199025,2.132205824815136
332,8.382920501209735,45.8369512299212,16.78775538211287,1.3859546556829172,3.6687497800889046,6.001984062961653,1.5395949553605637,9.2941261932336,2.2604076344891206,3.660464310888383
333,81.68935351075184,87.0945993492314,15.226948694266472,0.4805162496222425,3.9160801897487527,0.8539990768065309,4.945971581110556,3.980249566069131,2.3602943448835374,4.946623129035304
334,40.27651447880555,47.79085378718659,17.725109655961145,1.417049920039181,0.1284698048539606,5.244983743940368,4.959445728828438,5.8453669532649695,2.596241526928485,5.774735076411112
335,79.19084593629513,89.54548686181717,17.7574968906557,1.4705036186466491,3.3176720406439038,5.043233960626127,4.891922506709196,0.421726844077211,1.1336993629666567,7.566183210108561
336,30.74036475848742,86.6223119861402,10.942483532982084,0.39180136194868165,2.8127823259949474,6.245336676775518,0.19190746587171417,6.721087226434714,4.484719525974304,0.2756395939482995
337,68.16195991237485,52.57063303975428,8.641036400463154,1.6910117404561764,3.330100374749353,5.174649944730368,1.0184064196545946,3.9520118781298375,4.45144051693945,1.7043115983652037
338,13.54246355324352,3.43401372532135,12.549757200845182,1.8345736386084934,0.7943934509482077,3.3779847075452847,2.7425129465095255,6.973573637074519,4.114887506407822,7.971335071077772
339,65.45672792654292,76.74389382984094,12.037559155340183,0.14542502782390226,2.1892007036071575,2.2219377664539954,4.206620187748188,1.9732502395234484,2.897535506198736,6.457964912226597
340,30.25757323633612,37.095715853328066,2.389457196238982,0.733341485171099,3.8994223216831165,5.632873429251401,2.596046088586535,7.704195759325757,4.386611686523688,2.58577534293172
341,4.423048917920369,32.23379093822846,10.879566980770266,0.6251045767117298,4.354232299780685,4.459819083026412,1.6939413988216439,8.715182625226639,3.908135815369364,2.339774050191911
342,12.83219793852676,47.997543755175606,2.56633679986433,0.9839252853330095,0.9668501698463221,4.73797684113557,3.406158227029322,6.278273852947077,1.0517252891785152,1.6983328182220057
343,75.35344110621854,0.6285121897335597,17.27620877481015,1.0240355398305745,4.012583682330543,2.4976738553001545,3.4794543986033686,7.20759392425982,1.4182041281111215,8.566351756027561
344,18.934318399455954,27.47860220537651,10.484647816657676,0.6429737430750758,1.4259433092082971,7.199063763600656,0.884974272933853,8.383903229334727,1.2080702839298718,4.4418457130767335
345,87.75983583075998,3.2583050419427275,12.288624294896074,1.7977831225628507,3.9459898557820674,0.7819471341124328,0.7249254139978858,0.35048211313279704,3.5358535688875374,7.231486377788212
346,86.0131698593066,95.22229365246116,4.259466765517988,0.41803040348685144,1.5156663725804742,8.235906256349937,2.886365223743076,2.061997357508725,0.827783649722559,9.427431724568594
347,12.337102249751998,55.867071058738894,10.639170759809014,1.2819177854923678,4.7855980572004375,3.202167264932619,0.2747917631004356,3.5263205681859966,3.7403266743063837,7.281524037078678
348,49.98365037660305,79.6595298786562,0.389005958248512,1.7696668183450845,0.5712581893963294,3.567486579413524,2.8922721363477564,7.378530021619966,1.1493705944114005,6.1562884709174295
349,38.76864397945127,58.77061670064708,5.732313356599718,1.4307695887018796,2.387346970346529,7.402344842219657,1.8299255555489564,3.631424708664572,1.0359800431379167,6.629281698739248
350,10.886237045669153,63.40578732112546,6.051443285952054,0.03723813446607722,1.1373814220322764,1.9407178060067531,2.148483415395535,4.622101089958523,0.8448229905532211,6.285294171327837
351,93.26314268268459,64.43601787451733,18.724619149158638,1.6529973521725527,4.121394323667528,2.287905031007105,4.281724005200507,9.495916629290505,2.8046744981552663,7.9537314372608945
352,9.948403904336383,14.666919559719299,17.77497798501251,1.9551586831739143,2.7906939259469783,5.803190081744538,2.633379173660373,7.694181234086259,1.409394914669782,3.5254205152940505
353,39.112452331486416,16.130074838977745,2.7650605949112688,1.092362712392131,1.994803104307083,0.7071004653956656,0.5663033544498574,8.902073307411275,4.900434929574194,9.712150359751751
354,53.923088850358205,36.238120829084565,7.9036290579455715,1.9968576137366418,1.6142588554582438,2.0824378530598144,0.5465429467218864,7.251317960556388,4.167751818198559,7.990497588279313
355,28.96651271262087,88.31587775981458,8.470899838940017,0.3655143682655529,0.5544407202248609,0.25471032571696695,3.1590661454131257,3.819750474198621,3.7208742177843837,9.238265402589082
356,11.75435070182441,36.42937169152106,11.032079196870452,1.4847900036065362,3.00582811879048,7.484784721317453,0.35984154972526355,7.524473367414501,0.3321034730015066,7.454484426110578
357,68.29056261424054,7.014226753987921,3.3210064598557434,0.5272904814766768,3.191440054239706,2.920052908107569,0.8178311864357056,2.944580363982168,3.203646229788068,7.206629850292608
358,86.20751533834044,97.21264564995022,11.39015886651196,0.3898026588750697,1.3405934618692938,8.07956365150534,1.7789739857626943,0.8782146477977739,3.3236374858612514,4.233767821415468
359,34.60342140982996,61.318240906538534,8.993242542374363,0.8469429533305427,1.5862031102298302,2.415481342400169,4.392272312364432,1.160854993758944,2.601967201913813,9.317290489435607
360,44.829252225976326,10.36984357870708,14.970998495077959,1.9904658538971953,1.4075017250910393,2.9533054986516665,4.499064613420984,2.758249022618789,1.727843622138849,1.2573834792154943
361,32.61740047755666,76.466840239834,19.689187640334705,1.9506588538379164,2.1675146845228492,8.73251923099026,1.7499988541631872,4.543998151798806,0.6089487792175834,9.88359779887978
362,85.56192328865963,74.37597199354106,9.359718370244464,1.879146144928258,4.099134035404606,3.3989662596473424,4.461085459485613,4.763477461902345,2.7030508640765003,8.536354994725139
363,82.1606634298894,76.18662008515138,12.229941883600128,1.6293379498780214,3.3510375128145653,7.075983704686508,3.7931316146376695,1.947138781968796,1.0663049946158463,7.748661672368184
364,64.17890255893451,59.29714022560848,13.58859228546612,1.451942814523797,2.4896762766489164,3.9247441992290244,2.5183273385804816,3.0693705550870276,0.14904597394569724,1.9757332024423744
365,44.17292086371365,74.87880918664088,7.354301772188043,0.25086288716958655,4.778286555933725,1.4110750662334095,0.020536220133121064,7.121659162112132,1.568441203665559,6.107478409962807
366,93.78353442989345,39.20528527420256,5.077491130679446,0.14347358900188048,1.5288505398482766,2.279350070589671,0.9050114184763098,2.412307877291392,0.3486930431101294,8.854656627518564
367,70.2661403818348,13.675723550557095,6.218307220574494,0.74437962205337,2.4693746232806575,4.083686894359672,0.8922899269709714,1.867342220958943,4.337853186803329,6.8747576502549546
368,51.278653025334364,82.70947069723422,3.0979062163301867,0.3763004898752987,2.9183428502776216,7.690065669618961,4.246598708427039,2.461120683444584,2.6105786159806237,4.335513335847438
369,43.56227088240836,43.53418846330057,4.004057055046344,1.050664911499012,0.6836074292555149,5.185328425387259,2.7886211064266337,2.024637746731122,4.935268877512934,0.31163453615447523
370,44.49050901468631,37.20531235011664,16.13972168464494,0.5778775147823209,4.083026257909132,8.531600134979504,4.753834097293424,6.041113645148,0.7308954969159914,7.756381809914884
371,98.16947296717368,99.13883557939154,15.627402422674095,1.3322570478070308,2.0133401582542327,8.936675669435324,0.9155675560870025,9.644257798874774,2.406411064092337,1.628536112698689
372,54.26313070064891,76.88683236326857,1.153214262958453,0.12352904443030722,3.144228503650728,0.3861341458533648,1.0355684081630578,8.502280180001936,2.3365135548957157,1.2699796713106246
373,69.02214458444013,21.013272683175696,1.3239538234193224,0.16919163570571644,1.6803025518057328,2.776378391716193,4.438916231560314,6.66631675385783,1.2800947967561167,4.433038524641491
374,69.67329728208276,33.72105628980656,6.38248193670935,1.6272705521302187,1.6633832116384242,0.9430542147013131,4.134296686444354,7.72225763805986,3.626787045386714,6.877475856736918
375,18.655250139489784,61.43061839814566,15.829882801291038,0.07415794818749545,2.564026817230864,6.339011120063038,3.7758057614500067,9.268097715146746,2.8305641150385203,3.4419963069261383
376,90.98443073309006,60.87911427272344,3.9617914209191936,0.18590999605173442,2.9661089509953316,3.6306759595789013,3.666992575586932,5.608767157823486,4.210341036431469,2.6534868603928903
377,14.730080423836267,79.83240161418247,3.5475773904864805,0.7039762254872118,2.772491473005439,6.668644310832792,4.34351938095904,9.403585125912322,0.8328764734788932,3.610233737791134
378,20.495312975260223,27.94195105867383,6.842996906974831,1.0155141249028978,4.078200736758853,1.2179132242563722,0.5953899293886484,1.1389335679323405,0.30663341092648566,6.582220610667847
379,44.62230734689967,98.11984605574791,0.5553559222932709,0.13105614634127508,3.5879432023840767,3.5816748330314283,4.159354708587068,6.385864135742595,1.0574402162956895,2.314145799195363
380,68.6799648452497,32.07947032877311,6.974158920508176,0.7006245923083843,4.341335698110177,2.345872452746921,3.330928948127654,5.960585723067723,3.472117567307728,9.050116229352131
381,54.81393704887477,10.64225505549013,8.506445836174382,1.5492455026599048,2.841108596275042,7.186264193928079,0.8532980443997802,9.43131430359722,3.927817290648164,0.32530998840481307
382,17.228470369640537,46.68904708858836,4.591492983019714,0.8417720720758267,1.0469896585001028,6.808475870585481,3.219464776938678,4.432293938094929,1.8244063564273072,6.264380147107376
383,42.279265630606716,50.48070504780128,1.3696492636599173,0.1380460613409776,2.2758302105242723,6.8854693222254415,2.001174505215744,3.216518607281074,1.634524793179657,5.087182325440761
384,46.905742474377575,45.33947649373237,12.09876933178748,0.6150459853408262,3.5608722863460356,0.5599334134265276,2.8278992448133233,1.3145430552268331,0.2197415468392993,1.0850594047440074
385,14.253112205015098,67.18241489609763,19.758153573684105,0.7910929597585402,3.4336720155451212,6.130890661207853,0.47781556732489283,4.1071473796975635,1.8651756791180358,8.532429334866823
386,2.1345192249098757,84.60127462335997,16.947748524288816,0.6083182194498843,3.159664506731252,9.597043191155112,4.108728643249488,3.3449736941885537,1.7563785042300073,0.6315346627923806
387,11.374791058177571,93.44375475326495,19.95003492212126,0.22009793413201875,1.1970707947148114,5.531850314628527,1.3938123540769012,6.569516901619886,4.529877998974136,1.1693285222962904
388,48.311217112293306,90.04588023944315,1.6304056045988928,0.8683174524415267,0.3201450235485225,3.6031285333011365,1.4798431022227905,0.7634822963575982,2.0335775899107347,8.594466592239279
389,94.56262021022596,92.61250571610191,19.295636322350887,1.1554707953309153,2.294803705447149,2.1019361498367064,4.465149205321946,3.5373427440838032,0.18981178463259377,9.851917979694559
390,66.61373896949281,52.88602245165962,11.73932227451692,1.1596840212986312,2.0898099180216576,3.962074077003594,0.49238138283138266,0.47769294491130665,3.830028199919642,5.967429243933649
391,68.76150918089995,1.1111770931653555,9.976771889211186,1.1923281925940636,4.2978076344903124,4.583132649643298,2.207509875256641,3.443213744351614,4.993278853616133,8.73582484117984
392,46.034360288885665,97.85725952096963,4.340822088019275,1.75848888951931,1.3786255099837008,5.849224432449141,1.8518081313288783,2.555070654818329,3.9639062796962827,3.770980737780296
393,9.703822183823165,50.033051564060784,4.195496842140567,0.19365168062208457,3.843590176658073,1.337518668706799,3.9956443170612204,3.906891858062569,4.951764444728614,9.528957173023532
394,60.046627840646316,24.066395691841773,15.905781520598046,0.1250957056355846,2.065495960175527,6.451105397270823,4.936835231313415,1.611052804665771,1.012355881867832,9.185435354107844
395,62.699007529059756,83.39599933741458,7.82216799354231,1.2908357152522365,4.814166931896145,3.3917817926759506,2.1583963915245556,1.4617114247185137,0.49531127470967173,5.795038932803496
396,77.54178747401271,85.24714328754641,15.371706717861302,0.7664482900871459,0.03694565381161668,3.7805019549617755,2.1315956932553752,1.7753402867274457,1.3659285096116163,1.314768412727927
397,47.262336670417994,9.901883690491498,4.543216174014718,0.5388016555490447,1.8388082248849038,9.423100115792536,3.1031094137037303,5.19852447290476,2.802425726360358,0.8857641870255804
398,73.4431508841921,31.026180167983796,2.5861780594340567,1.3434310563889618,1.5610500132180118,7.967904116239243,4.991869113680181,6.744404814715695,2.768508570594048,9.252722069222358
399,97.89303040502408,88.52261007904332,1.026054775894478,1.784706484637765,0.6962204413065053,3.837656734806529,1.3727850267972097,4.390187726857546,2.4286853286598773,2.939129453109498
400,24.029014378159918,22.07661309238434,8.711153369944828,1.596830145795198,2.6620767912101746,9.763708202560844,4.77585281991669,5.554513526791057,2.1245737290753883,5.832426423349225
401,66.16761889711643,68.14847836799824,14.355264547300832,1.3159180099256649,0.5380499977849545,2.9809709577330388,3.4867587733233227,2.217799466289519,0.677217089223408,0.3845939108212355
402,72.4823570449349,57.80439140025955,19.572702041580445,0.780267581638821,1.2676101594218894,0.04003009071007152,3.1149319863699083,8.096236886565329,0.696569356673348,2.531721178228384
403,60.371313521085376,58.92191394247994,9.825598544212946,0.10101166637012653,0.3050052681738683,1.8077150673937497,1.4866139308941528,0.07106353624645156,4.677265866562571,8.6628627114097
404,9.53477896094769,5.663847241415847,12.327033706987887,1.3696547923841573,2.3478319110349757,1.0887160471255517,2.228818823033805,4.574503191558394,3.143335974113664,5.530233678293188
405,19.05653732287769,99.79689277797527,2.0173719819328095,0.7987043901737103,2.856111993121322,9.319898946602912,0.31683428043615464,2.488772774159784,2.2277671644419614,2.838561432505482
406,51.38287098858284,8.586818327893681,15.112868070307892,1.5434393558687978,0.4756404980713116,8.201744952274764,2.458684457667164,3.874755599189601,2.18350250761631,8.899387756642628
407,59.47246645538431,58.014664925427205,13.988957496198395,1.0577522348813704,1.4636474185083184,8.813136762267542,4.3745933441348415,6.887284456930952,2.70615400170555,1.2016708181497169
408,22.874129921854298,59.52141277233538,0.53633936072565,0.8666480572636834,4.9326403048959975,7.925725194334755,4.051240159504891,8.330667397006948,3.803846812593088,2.221436036015367
409,12.507229002737786,44.194953177973225,15.306480661235133,1.041392564607718,4.43716591791602,3.8604431784780764,4.631118794469497,2.7883990114712995,1.655896543756778,4.962444052936204
410,60.739535680143106,62.722829397671376,14.544133770398508,0.6593089869179228,4.868950207351509,6.409946103516826,3.6320394205997317,7.28938648315194,1.1040827233564268,3.767453842692328
411,72.44999781802176,7.952531140895207,1.7138416324849959,0.09064567799298572,4.571379002569489,7.8319406038175305,1.6595440805777213,2.652919663692957,4.2276850700140685,5.496010397887413
412,43.540611476238716,79.33964177406386,19.46864179860121,0.2842742928966209,3.131851470827452,1.1347277531552489,3.5666177897999702,9.606486425507635,0.14446786798070352,1.5022979139173516
413,54.66285152576293,62.98415475011515,10.686573144035723,1.651348348973668,2.2640049202948758,8.7253147654552,1.4196896207504395,2.5147996246978757,4.842579403608877,9.95682235271898
414,19.14322244817237,18.754511958665184,6.440637250418726,1.6836940146472494,4.4952132950939125,1.6974352825275538,2.6589330215847062,8.87531837357062,1.613558373103283,8.943347933064485
415,88.37206916234372,40.29055340467318,3.8751013472168685,0.4141604903622876,3.926358233342398,9.989628812564797,4.0271661146719815,2.0903545107025074,0.6448622330922062,7.428414067686925
416,7.290829289076214,13.886415517489176,16.876889524492682,0.059066574419469324,0.578208952616779,0.3461496936412022,0.3414336046140326,7.948978273938332,2.878522735865545,5.232987687761689
417,81.46271319494059,15.098697307854348,17.828920876140273,1.6634642825944947,4.628760775149049,0.0362501410778831,4.574297678956321,2.6142967019149683,0.4573117261537194,8.082724937312868
418,0.2943651734791172,42.10380698365498,18.66160229748661,1.5646291819288263,0.7536188188724647,7.3372379160872505,4.963802886023901,9.6562258667184,1.9205096175861258,9.604911392680817
419,41.66842562315586,48.44020276306209,13.621547981234068,1.726281546834767,3.4718683348514867,5.3149828068873415,3.3405165966601276,0.8461562700610288,0.2406737717351469,8.67499923904286
420,57.39847905840318,36.90615700248101,4.914302199021586,1.4622336185456264,0.7066690202005401,1.7129723782272388,1.1922423258275667,9.22144707640868,3.755591472493302,2.249991834574951
421,61.06687262027531,11.586659528737693,4.610708400721352,0.20663242718551442,0.3738058196430147,1.2946584782331665,1.969308712219672,6.483533308396217,3.1714656666680696,1.5678474124011468
422,66.98289422290858,92.24188159214435,8.413644441347314,1.8168049718010106,2.956046109612145,8.844260825714072,0.10183006764447791,5.654782263756937,3.9387246841386787,5.046478373609609
423,5.865656793432477,61.60592139317921,0.7206426005461817,1.200260537667338,1.5103011271737488,7.211677629402225,2.063023917480661,4.138073397295098,0.558548481370791,9.470184874188066
424,83.66603534260808,12.982363215527013,10.037939820783897,1.790298989217699,0.8928907886583782,7.3718054294679405,1.8406742344472151,6.089734799508149,3.331550192364165,4.292549601409832
425,25.00043197464395,55.26334066431172,7.491248414478391,0.2747507272519694,3.7937365539126855,6.5682860466158175,3.0327887057482505,0.7952503513716311,0.6584368543298749,6.978561383211322
426,43.782051786933586,20.837449640162255,3.4996227221888363,1.606980332540311,4.821404925020573,0.7337226179796487,4.929889457962273,4.822107349154797,1.3679603367988311,6.174937758739858
427,88.67418344347789,23.605574112762746,10.936039955318318,0.04602601055790121,3.7570917143309535,5.57789736179978,0.13217622018275788,9.7284825652083,3.0057702780414135,2.4863512038137356
428,96.25339577575525,34.76892925765487,8.888896712804502,1.3555872652913856,0.06542846448431083,6.6303984637854105,1.0485797012977291,2.7008250876979973,1.6703702473686688,2.906803835053645
429,77.46095559841976,70.5427472339651,6.706755884673134,0.09407994931264421,2.597164243321281,1.6526614415077399,3.1748723180911256,2.271213706838409,3.158693982750367,1.4306238763238532
430,29.486456557717144,30.53105597787659,3.0429136604827276,0.9964019357091691,1.7522710861632738,2.1596206348689,3.871803607151825,5.337263388428167,3.6084281192560415,6.9518105016158795
431,89.02832643608025,1.80712805657951,10.394082098441551,1.2321783823842376,2.2072874887113647,7.3496362613327655,0.3428957874015549,7.545079017444029,2.174110511321655,0.845019336390725
432,80.96685201324573,39.98425047970684,13.906185843770631,0.9190998130333836,0.6705658254283562,3.4719451612554577,1.3588654592003961,1.891618084470945,4.150457370734306,0.7165223392294641
433,9.091384683151217,68.59653021515774,7.29563684728868,0.4041664381588972,1.1828599334032053,1.6331356897970846,1.3555858542972872,0.4585328941234502,1.2009481633339034,4.403122850965641
434,74.8762851079243,42.39958989836924,3.1439087127553202,1.8146494537677766,3.4825755695693372,9.38428860454021,3.819038522323946,3.4084705192112823,4.7618370371132315,3.1862631374524715
435,90.11944908252006,2.8184835307534413,4.058954667309273,0.9856088324925169,4.54603462933656,6.9507276360839,4.853633527232128,0.6405545080754653,0.9819555972930092,3.3016182302249537
436,21.424433035315786,27.247075420386498,14.719452212218677,1.1358139611678668,1.3376546207415776,9.734309086435687,0.7013711462128907,6.015266508318176,2.4473329295721076,5.550257076674975
437,53.78965145551559,9.448243705687167,16.047917870186804,0.5986208475204053,4.760407483042248,7.27320263862909,4.14337454518461,4.4758991524236755,4.42988805444582,3.376525633866832
438,45.18882637822873,43.693660781206596,7.236419454292967,0.7625933704243404,3.7190423328612114,7.577773120810775,0.9945925429068092,5.450394315445716,0.5898135028413449,5.109568346676082
439,72.9445720890348,38.92611404359514,16.014844813254186,1.692463202846157,0.46213287777024925,6.363009799050302,2.319445383384267,4.895221082670736,3.0685665758812726,6.469010424632804
440,64.70103311874493,38.57192680475819,19.806619266463596,1.8123375386996783,1.9767780589951536,7.785632550819882,0.6766954089208489,9.370573752045505,4.667427694953109,6.381002414425811
441,35.162031686532785,57.941059752659044,10.047676679191815,0.9769284589358488,1.966717761297094,2.7938268375564475,1.9823355935640672,5.092880214346769,1.323571304533867,5.385008829792168
442,76.91686851701431,59.95838863962945,8.709069466227083,0.3012183223729731,4.672897985853463,7.014010239419358,1.7051737037264685,6.6193430572617835,2.370044531695645,7.486304257970041
443,64.61465901541366,10.210341800070507,16.50445484668964,1.3659594266428265,4.61154449755011,6.706199986647137,0.26626114208708596,7.64139231222962,1.6697917292198097,9.479700045885018
444,29.54495673700536,40.04111433240957,16.175030843295335,1.8983002952232788,0.0742689465415915,2.0047200362369133,1.9837403757850727,4.177347226172989,3.1078568605073027,9.3479795240657
445,78.98216216024217,17.727256996159113,15.467946999524514,0.9166419715777054,3.6772974734060138,9.919527448670557,3.8008981670508812,5.42218665170261,3.97635623183137,1.7200894895739014
446,15.806748264161222,0.28959347601879487,17.601890887015756,1.7557018685284715,4.048641546998702,1.2056015702631422,4.113834086401118,1.715155853849425,4.346636700559692,6.646081401582924
447,96.50094910918247,80.73595725228408,12.587736508485584,0.37955918919308074,1.771829574697315,4.859845787039351,2.0046109900078037,9.354177320389095,0.667079824164683,0.9150855161005138
448,8.517738836294733,30.42822694975593,7.992681457466475,1.5371114484866844,1.923659941802581,1.1679605126595856,4.364029558654281,6.948346862992921,3.7731470628730674,9.159629018782452
449,24.27767712094938,73.56033242159268,3.229556963344635,0.8266821229080845,3.747217658955533,3.6533895396189915,1.5109288755669459,3.564165649127386,2.2928282167250864,8.280288988379581
450,79.5833932688997,86.80329880893818,15.159413774585564,1.264426965803249,1.4949683704814816,1.5650253112124957,0.6080015718323857,5.542593723560315,4.495954091870269,5.260406461265098
451,62.93059490357953,46.89773641732945,8.916836191550496,1.7625767718390226,0.155379768710105,6.191301423972201,2.9982449100673754,2.522855919466254,1.1866891927391008,8.884898268618484
452,71.99880629234904,34.76259816273246,12.91303258414654,1.20369627827677,2.549500160087282,1.7619320147309439,4.295234702406942,4.770211871390096,1.6873343012878919,1.5560761493680377
453,6.210839404445386,14.582148004885125,10.55695722600599,0.40996915171893283,2.3566785655373996,6.37231146017792,4.405363668950948,4.042696901979887,2.9248198469796476,7.2928458645727865
454,57.99026911941454,32.427988035694405,15.075363205622256,1.8845915458135107,2.2975086242358205,1.3649759254689364,3.6399533019565844,2.7456526827695074,0.3661232126215558,6.119985269020869
455,39.58887519002499,18.51973135125667,2.6453227126579892,1.1220606124411334,0.6337125641049928,4.186064119404615,4.917209276386696,9.841311314422995,4.6817019373811535,0.15295239288401158
456,25.329567307245288,52.45922529429308,7.411952846022749,1.4187350130343346,1.3957457219886338,3.981507156013432,0.75173653496789,7.400028032311573,2.458015764186244,9.208130236870533
457,48.163727249825016,19.523402985642633,5.953868782898946,1.7961104819126539,4.429676790731497,9.792364215532036,0.6476406361833882,7.81898418807014,0.01180117220090527,9.543337080591073
458,35.10256212511058,44.12648445405608,18.051301150126967,1.2580241374393721,0.21312402784159917,5.025494255998475,3.8395417303363812,2.078990574522597,3.5280191122032707,2.821114634250007
459,33.48396685814491,41.68510136683754,15.709465132978826,1.1166009972281483,2.638830945708705,9.208337481254,3.3680200510177762,0.5232852374772881,2.3847901506662854,1.4667644504492645
460,4.056226598593591,8.26791154994008,6.555580022704632,0.0829361494775234,1.8041778477682193,2.330968900440082,0.5484413459329764,5.985307336429941,0.5093264513198459,1.5385223975431184
461,82.59969628103524,73.2415071620713,10.3659113219593,0.16495786772634052,4.76933497672138,8.779937200235985,2.1730592442568257,4.219791375108793,3.008409414056201,0.07296719232471435
462,56.2203124034175,82.39999635624791,6.579524833046659,1.4438644557439666,3.382859206067455,8.986573229873466,3.989697066917053,3.9049921869578545,1.3972976193821443,8.635209211083115
463,8.796735273389775,54.876306739113936,7.111690505606473,1.0528032652191501,0.3455753907207237,5.920212128848721,0.6316456962966079,2.688207743693236,1.9940196048751557,9.88016973599132
464,84.72207465761312,77.84714625861938,19.406697291530147,1.2351587189822704,1.219840565301164,4.8380504400686055,3.169931984446484,6.228612679374147,2.006980577613609,0.2189973275383872
465,56.850442325579145,19.90194271338723,12.864462374372037,0.20230704876667438,1.7298686415900753,3.342752441127004,0.6611232809401303,2.1921730748220143,1.7128777270801319,4.128595675159059
466,38.03637200289208,6.642183330052892,19.98106766184803,1.788283165370329,4.378946090240844,6.986296076693421,2.9899392630574466,4.91645787215428,3.8772346511935867,6.2132132574180226
467,35.863632861452366,22.55492400802238,11.577372368949137,1.4584938835773817,4.587392339945889,6.724020714808886,2.014366078097061,9.443747314584684,2.2675357477599927,1.2352874797962416
468,58.77172713409562,42.802422873518296,19.43712857584768,1.507772823213582,3.2198022892791633,0.7587152358314474,4.8747468438567925,1.7774267329683862,1.913103339172528,7.810337650585851
469,52.13975592607527,19.657794522500392,9.19905681766368,0.8238536066145182,3.6532748199082614,2.3806152726158007,2.0807799349468286,2.5779768333650765,0.6837803924201081,5.887861765808267
470,53.523605414289655,20.300791747216,11.255050022253652,0.6175817411192807,3.277363778413112,5.280081001667325,3.4327812224077507,2.298223278568357,1.226148770064376,5.3469535394524295
471,11.544242384546552,74.44315380550232,5.243643626170772,0.8105459997657765,1.4418404614367597,6.525186908244086,2.9062173268971483,4.509856731821115,0.17213009939314872,5.641197877091795
472,87.43261818446145,17.326993032572535,9.121491815297642,1.3277829204737865,2.4286619998036167,2.1410139501371486,1.2264408318538482,5.729774566208173,1.8068261822147602,2.636426867199846
473,4.719999136119473,70.41850753405234,15.79344328611831,0.667999380948394,3.5465514895787575,8.497376106102493,3.3816885203442344,7.893005781337898,4.906337937298066,7.39920746524514
474,91.66599954245402,14.384002197948606,17.43313905860766,0.0023924259216224837,4.156191677018584,9.084591750434567,2.6490109554007244,7.315471954998346,4.5128766226523815,6.689404073890783
475,17.134081061331575,31.222911345566622,6.46905626075139,0.2935922736101926,0.014294627796686174,5.693136186619331,3.2818343950840543,8.021651237241013,0.9018574801220347,4.599451569867023
476,60.34928107702336,75.53544084516984,13.136636280828098,1.8552240181433115,4.248749419540199,1.2717098874907193,3.681277541078188,8.60940405794814,4.132701795072676,8.725243612584652
477,29.857001781651,41.21153072790482,9.953818392519048,0.507030379970408,0.8134113619484579,4.550044934555335,1.0925921949373922,3.50776988140642,1.5892144754519868,9.776354027014506
478,59.730829076803204,41.191666801580965,13.185710393027698,0.8051135157263765,2.230818906882095,0.01034193151137051,1.5927312464068164,1.1323581695076002,4.0055423061337905,4.000666215667319
479,13.706411650534637,91.188252953122,5.2796615327211125,1.0187292597795738,2.0374086017175914,9.616594737464476,2.7490525602025078,1.2014686480839285,0.7397912065180036,9.2713932148562
480,17.38712696785583,78.82465207176065,10.765327628510217,1.3935074766506974,1.6220855228674713,3.672394498993703,1.8926250561093647,6.457479387013111,3.385038486705494,5.038639583899135
481,2.7051172398154155,8.120859007860767,9.847646766271755,1.8054089128674826,3.510784435857348,3.0154459157037206,1.2654595371951123,0.024984560156834403,4.098895204574022,3.383803939850808
482,16.005941906456993,74.21337075765592,5.808858342378941,1.3318471352520276,3.6107475155781947,7.424415731655793,1.2044941979835802,1.4076210594746854,2.8860993062499722,1.0105603838408324
483,99.1053183636573,62.24751555855025,16.700889451854543,1.3780340580933397,3.1230889704108558,7.735399382710174,0.2597512072311917,0.9406656943689689,2.350130389826093,3.1035020204392136
484,21.53783421282055,51.61524904352382,14.819829757993253,0.8351026864040992,2.7607166895701205,4.8197328362156195,1.9377358282457466,3.7894062534270216,2.506699639878623,3.326999009767179
485,0.9179670294272437,1.7452968268118194,13.745933424518373,0.962158346234979,4.203417648433164,8.475498638049014,1.0588187511232716,5.504277482413978,2.6644182201517403,5.914808108670217
486,51.628702791650525,65.46022065544712,19.534769140469276,0.7746015836714507,3.863054820814877,1.5880958568177648,3.762788125682905,5.261863866553627,4.2037495745134414,9.992094461149318
487,28.252966679223817,3.617545011830707,3.461249508963043,0.5968416340570996,3.2107580270309644,1.9296009241524574,2.6135657322614954,8.131117042566554,1.46008535025437,0.9722528858410129
488,88.09253960460906,8.660745654590176,16.822250661145585,1.7180832584415102,1.6096874957605456,4.0808224165925155,2.6948288991761955,7.749730060140639,0.467822010098074,3.1507725449440116
489,91.39248281818566,0.7937343915736922,8.516965176817186,0.031260252554589016,1.7425662692874624,1.4844302677424335,4.259161280773357,8.951806371913303,2.3781040417033728,9.760818254959467
490,77.95105071763503,23.88399924574299,7.213477625032237,0.7516971978273216,2.007116613888957,8.80600539385458,2.8699072812196214,8.198243202305402,2.739648533094722,1.8039057461288908
491,23.135156208626764,61.94845903112587,8.965021464455331,1.0657915434255503,2.8096516445996667,6.774315235131596,1.167643479165316,6.635330566234716,4.738573106981202,2.5717325163478977
492,34.46889180695836,19.11774412157452,8.187058902639963,1.4966996293230355,4.05398161380253,2.015686223304216,2.2430992030949253,9.190259006496806,1.5334148962720484,3.106076858820809
493,39.794579049275804,23.429221719652677,14.44188052493322,0.0532473933963174,0.41869420165734245,7.511907130177013,4.527153722385076,4.707901096889692,3.3980177399066163,0.6025789053135349
494,51.921278523171566,92.9953573840223,18.759180088223818,0.04701205680849206,0.3276538750936532,4.634777317120325,0.1522522188161485,7.324428393569084,3.6576936053758464,9.366233937577293
495,6.916296015456387,67.55298045407407,13.105907756471103,1.1014027935120436,0.38441822810218684,5.091621531382808,3.892284484825038,1.5491373501093721,1.7868445144970926,3.6391333753651716
496,23.433189787506226,68.45660194043872,0.1628460078328313,0.32904582037628965,4.016805515990944,2.6337785644825438,1.8114737071398725,4.451386342178506,0.1152110776793864,5.811457872921698
497,97.5844594012443,45.54380953897271,11.001145929151008,0.49609632007639215,2.339718567776422,1.0232605563293729,2.4955877438738554,4.838680571597264,0.008490975025901135,9.589799401643578
498,59.29181044072378,94.89544806219395,9.732375933001629,1.865910200210566,0.23821499249520112,0.19346075796928267,4.790416726923837,4.641850707071738,4.327898118582362,3.5735330662068665
499,55.76798361361003,40.600244496726084,6.738180736680029,0.2786394298831075,1.5366131916016281,6.919168285101046,1.0690405621511716,0.6213286481728407,0.9968637935559284,9.824338854529524
500,92.25572275109629,3.803646647635329,18.68335116119381,1.3513132755763733,0.8997224633240126,5.670733159677316,0.16638823201648734,5.59571104069506,4.455560639658113,0.3697033800407035
501,75.5398231592238,6.4883344204576865,10.818008021726985,0.10830369054940402,3.26831388255287,6.299179374414562,4.331514029337768,1.0475265810299168,4.912687265984865,6.8114064101573435
502,28.581093649681694,60.1103651445439,6.323205725204986,0.434840331761955,2.0780675818719145,8.393842771256288,0.4627520273230781,3.4688804310719155,2.5584046345306923,6.775293140146186
503,34.80824435534119,29.41494166927518,11.162553360629746,0.6720909666650958,1.2408725806761898,8.160197034776939,3.5044793485552312,3.7500422685509682,3.559601947747775,5.919241045857255
504,1.3119801527522268,53.665431587718636,18.23021376995052,1.3534335219616422,4.236318898271077,4.519098161549545,4.487218195315011,4.987122932009322,4.423094696879849,5.067698721441557
505,14.051146069803085,52.9427703419591,6.885119359369644,1.2503153300174437,3.1986539571354875,1.5217197503531215,0.944401763969674,7.853859739397205,2.9117749572746243,2.351899689556257
506,95.05874876398215,99.23813255418774,19.162355507183225,1.2679002854256287,0.7233606524354973,0.5983660863034245,3.115649037044542,2.031253058366801,2.3306486172425775,4.886699621493542
507,96.69113235976776,81.01012648927382,12.177010171165833,1.4352925916731718,4.1142519251060525,9.031665022520334,1.760036761182502,2.9648823941307385,3.0993806189272535,0.5704722120897815
508,56.41146202510969,92.12251567463207,13.206196479197153,1.0448517804496011,2.7995320029232045,6.686197695692002,1.4115877127700927,8.3080654431797,0.21152658966499896,6.910987088036245
509,31.907388514274626,70.91633461603072,14.066127180680157,0.46706271830232693,3.072508737043674,9.861233125339966,3.978997741965875,3.7742904408172198,4.73270462153019,9.03473191794302
510,64.86532965490272,24.44738292219545,0.19961474021038886,1.7102823209170561,4.959373117371727,5.4535788369076545,1.5577235616571365,4.8597485980421755,3.4156816837452735,2.855554661500803
511,40.90256298816067,77.45979312516059,14.331432963992318,1.8590176445837638,2.60701318436659,6.960186619458733,4.042361496093751,6.5532239476735255,0.5673270087207493,8.776881437179805
