real_name,DIN_pbias,DIN_2009,DIN_2010,DIN_2011,DIN_2012,DIN_2013,DIN_2014,DIN_2015,DIN_2016,DIN_2017
0,-94.75668252437049,1350819.2598822482,2478770.134422368,1206638.6833526513,1003541.907532112,338427.610909286,142202.8488092123,363527.7071215969,1264286.2833787103,118672.17524778983
1,-94.61952625928849,1195545.622021074,2130514.7627471755,1057824.5413068342,926555.857200123,400662.6058678809,207316.81036364197,467140.7324802377,1421441.3670282355,249149.09648773857
2,-95.72842916923082,1478688.0901723804,2560163.12262285,1329359.5487345243,1156629.5551941635,464343.6672040112,263984.8849450288,620348.7884289767,1936824.073675854,337192.4553848965
3,-94.8974034857151,1321887.7813480105,2369383.838859231,1219632.3812325278,994574.1491282961,362041.2392662956,183630.9635566396,439090.7238112723,1428948.22594696,175684.02523400736
4,-97.17579813326098,2149784.104650417,3580678.8191847336,1942210.3820497054,1696777.803182504,724979.7338931077,450598.37323747243,1026158.8230720462,3169761.030661944,607072.4526052136
5,-95.18603587057193,1432654.654723293,2577744.6939124553,1286246.1620203217,1066889.9598759238,385480.2810377874,181502.89081403002,435518.528128008,1468108.9954608069,170056.99576755686
6,-97.39387622534389,2215847.9084668844,3591966.6079094,1979354.6761876687,1800668.5776917825,826970.1872182966,542565.2973002208,1220526.2840568698,3662745.6004215134,791685.0118429962
7,-97.4134783716514,2318959.51747029,3796250.996779529,2087582.9734264684,1839839.0099227447,779007.609423871,501735.4629730576,1152238.2073802904,3581892.581325565,700873.1420235897
8,-95.00341898423916,1382536.6582405067,2564725.3195879296,1230567.9804051653,1042327.3396871773,399665.91604576755,171583.01277051793,408871.50020132685,1315038.0653365604,159798.43042509124
9,-93.13924230222914,971168.8279183066,1670872.0988303043,898593.5226869785,727596.8479057454,248459.89900125333,141995.15577577127,343791.3872209284,1168312.1774876497,147158.17931171795
10,-97.19825334524393,2115278.2045972445,3461010.2899792762,1911727.305835454,1683550.4426380983,744139.2300668632,481468.7367557986,1086514.1509037463,3317812.972844138,669530.2677266502
11,-94.39642415676045,1094296.420123136,1847518.8488343724,1035413.0075913462,850526.2680227257,351912.5538598356,222194.12106528785,507567.371224602,1554793.8508028858,271179.424588625
12,-95.80722825329335,1466083.6986561643,2460595.6847809292,1321665.2444076538,1151879.5045924133,481166.39189835766,293477.8903470346,673676.6283882126,2099297.8567935037,390404.363118089
13,-96.22303759040844,1674964.997837338,2830310.950381381,1516300.9504261469,1292284.5232870667,503570.9089859582,301193.7040209859,706240.7148705777,2270315.2172013787,381212.64168939396
14,-95.65438271690024,1541380.5926102705,2742623.7491531405,1379440.1584394623,1163676.6051494488,445760.7075958062,223502.13588600044,525433.8721056846,1712773.262905892,240035.81283788788
15,-92.38849258341433,908932.8692560988,1764164.8181035116,777037.3376384359,707121.9910769581,289322.7848315566,107184.38832757394,259312.32279304322,771251.2421407624,110458.92373085453
16,-96.47866408410124,1725637.9632495027,2967380.8916356773,1559511.618040139,1367042.9989598403,621657.3285658084,363337.4674087536,812927.0081283229,2414280.6358605055,477731.63583923905
17,-94.84778092724345,1298976.9129233956,2422635.5931781502,1152357.6378101872,1004473.3653856319,414085.746203106,185231.47866292813,432476.4939056269,1305383.6968958266,197435.74490789007
18,-97.09738720652992,2153236.33412882,3645020.9006993435,1932447.3269244912,1680519.3787460867,678119.767132695,403665.23423363577,940759.3828987605,2970110.6251828484,529532.4689700792
19,-96.03836940142816,1676081.7540074345,2933389.8670126805,1518356.9779611458,1265197.7402030616,466168.20362380386,248684.2814788544,594817.8022264253,1964586.9837093102,274148.1957427335
20,-92.97157562615995,916614.2963231507,1537676.899685442,831451.4228022693,690874.5096304698,269625.7315859322,161926.74296011194,366590.73963229905,1204753.7420305468,187716.1122107351
21,-93.30081710932046,1021605.879643798,1923089.2099702025,903349.9440280411,777261.1172559981,314977.19851294765,132828.70702953511,311638.40566180006,956362.5648133968,129215.03279532121
22,-94.70796368638526,1246312.9372587197,2206654.1751768934,1118587.5195790622,954625.7395938336,363970.37967903516,188747.51393040398,449307.11936966964,1447150.6874747926,215425.03108018645
23,-90.1765231644815,723145.2704780126,1309128.4197904167,644677.6224538321,531005.9190185994,179503.23150524686,78887.94500574323,194215.18706580595,689050.0053842755,62868.02474204687
24,-97.5194365513304,2349501.104542964,3846908.7672720496,2126322.434773191,1890332.6395644313,872771.3523174787,564849.280201938,1260233.0816591997,3768536.6900781835,794764.4918395786
25,-96.307716755209,1614784.773809677,2579380.551445982,1503022.5417417362,1258591.8396706535,531828.4962440855,366484.1298303297,823452.0463074282,2578263.2813840355,483787.64170104574
26,-96.12091493334076,1563475.655569802,2559524.520813293,1445985.8638058638,1223312.5988431561,502207.6399178723,329806.1479087796,753955.3497964237,2364233.8012659326,431759.95278320205
27,-92.90980839248373,1011893.0909547374,1805367.081024021,909171.6906760975,731223.0304395424,230272.30196296395,104473.3827070577,263873.89998711424,980714.2896227121,76514.70815232677
28,-93.71478786724452,1076497.7969527598,1910595.3140074622,981381.7313905365,802579.2902021755,300989.14983366505,152421.57296622187,354217.8530358538,1171311.5417176192,146497.0884759274
29,-94.52239485778692,1235201.9476018099,2251904.648880603,1083127.3455391221,940104.5791721835,368215.45536564855,168530.97391616894,399633.23907026125,1283616.1862112721,182961.655870942
30,-95.19211500471665,1357992.1939576115,2314670.5858924543,1285607.8866046264,1010511.6183492092,376312.64003772376,224798.56834512608,516868.7353038802,1699913.0146797765,228912.9161186478
31,-94.26748328797713,1187733.8452718295,2212609.338340261,1039046.1608846666,910616.1740590214,359841.03867546195,154439.51277121733,371373.70243243634,1161100.6356250802,164649.9134817143
32,-93.4232338323844,1043184.4600591265,1815113.7718657881,961612.6434363065,768976.9130072938,244627.915613707,131820.64147833065,331366.67933848314,1170179.5386702125,123881.03219241842
33,-95.82435151889538,1583353.5857265794,2790495.561753783,1458053.0484796928,1192700.6604988216,459489.38553313934,244840.57715000893,568210.9189570898,1829486.0968232523,254011.93385827498
34,-93.59459555627929,1019928.5820529987,1794490.9817206545,918596.0735790425,779999.1154091491,308780.45366477466,164945.1339170743,381364.2420950808,1211459.6260891873,187519.96477393026
35,-96.24712953445068,1825580.614085166,3295620.3335593725,1632597.1741237894,1367068.2853073354,505721.7830173262,237142.63098283534,567312.3453335727,1886508.4278542637,232516.9286463622
36,-95.03706348774706,1408518.2893713359,2560413.041408102,1277852.0009318788,1040607.383736732,364611.65932883625,165303.39492949276,403887.87568588834,1375115.8936892813,137614.60596518853
37,-93.256995561285,989411.0665524103,1712956.8253671941,918864.6086723481,739006.0777471219,257103.0415441697,145356.31814261657,348728.0144872799,1170133.2278449815,146719.40504948315
38,-96.62232607453116,1747828.2999518043,2887637.8245980805,1542260.2443252,1406032.2495866248,645014.0269996686,403275.2462443801,903026.6733361419,2721514.1053002533,576476.9218858037
39,-94.81120166691112,1280158.4723528393,2238970.868634086,1170463.539380319,965509.9346596323,347304.287523019,188700.5888392144,454643.1989663471,1504668.887581175,203327.70889165992
40,-95.60222434450587,1459187.0828075118,2561017.4066507607,1332150.4836879184,1123770.6354320417,455529.54381984286,250724.7361644113,579692.827179787,1801362.4896543121,292890.9081349467
41,-92.47990880939724,908791.0980445165,1567967.4861311617,833450.6392367127,670596.5703891285,215788.16459595683,118633.68581433568,293930.638639144,1039961.0194207277,114894.71512025388
42,-94.88511225842258,1380329.151522683,2563686.6417752854,1216819.936423215,1031819.650151189,369980.0329557624,149466.93802634723,373102.21988627705,1257936.8615373797,131318.4629711103
43,-94.93818767951107,1342358.158289327,2427287.5612312555,1206781.8732815864,1008504.2798609541,380555.74979387556,180878.02865925335,430956.9665705737,1404635.5528881345,181360.3189799931
44,-96.63589047102514,1922507.120670098,3290141.4716284825,1764221.1226751031,1455038.098554236,563349.391886909,326326.0576342902,752396.1446243459,2440302.05818583,370528.21746529517
45,-92.83262988683086,979374.290228094,1724878.8667119106,912997.7287824356,705895.3221156503,231701.75175562938,117620.83319342624,281980.34525899164,1008895.6851239097,84328.2215158045
46,-97.15100225820375,2223509.358411956,3815573.9343601847,1991464.2855766434,1724535.5915215795,695971.5053808012,397819.28624306497,927356.3489149023,2930703.015669624,507508.72095883207
47,-93.4381208491612,1094595.7372581486,1995260.6704676605,972200.4160781614,800892.7557442248,264263.48559604224,110499.1627615236,279055.4556508604,1006674.0668410226,82274.3925397302
48,-94.03886591958951,1198986.9888826613,2108308.698712236,1094045.9249580693,862021.1189997343,259844.97165206177,125912.19624683776,320195.2246207941,1211868.8924148784,90236.22838584178
49,-91.59130558536992,852383.7387537624,1542072.2219212048,758396.0411505867,619379.3154515829,203125.02237796923,87523.45773324794,221200.14329559574,803558.0374659925,67253.95837750693
50,-95.83824234960669,1511607.9007717334,2619916.579086244,1394054.7704035402,1173342.5025943976,485279.8943188392,280010.83507197053,641974.436894514,1972696.3216502152,336406.32577026467
51,-97.2289477176772,2016805.4538818782,3060562.195578128,1880914.1831351903,1629960.8606999007,730068.6081537409,547806.4070009266,1228173.7310462163,3754387.9607463893,793721.6151456909
52,-95.27573492280179,1456087.7953185888,2619192.8260434004,1319292.5946575198,1089122.5356725324,378365.07509861735,180838.81081269472,447306.011372757,1513730.4613615808,171228.77274863352
53,-91.96647930503526,882029.1073753991,1621782.3067838312,793275.2709198943,654715.3078554589,218832.96172823146,92960.5015602163,237498.05150957024,821046.2117549949,73490.99842022614
54,-96.45870897789396,1792548.8084812823,3153799.319027214,1625890.4312843767,1393612.3153044411,582313.177296535,318399.4747750121,734823.7614845427,2250697.241475813,388059.18233613175
55,-94.16937751446656,1171552.8822408759,2070357.819115507,1060626.7029142624,876183.3936556027,298152.5640459272,150842.93104917533,373111.2788530209,1282812.245194774,150542.5780776816
56,-94.97157657271674,1307528.3413332016,2341711.8290403066,1163802.1602597462,1001483.4388633394,409268.91987248685,204832.03923819907,473386.4148177728,1484068.3882511854,234097.66793399287
57,-94.69717076847597,1339562.184203472,2345556.6639306424,1220901.4541720396,967444.4129219468,295243.0352716828,145876.01965665186,368271.69039966667,1379388.0759639242,111866.76237836719
58,-92.6315520545937,965925.166921405,1781954.3119796182,857872.1701440761,717246.7616179261,244292.0079961852,99641.06424906984,253427.31050541525,881223.1689231704,81055.92231062315
59,-95.82367495126363,1580959.45114556,2653608.655151448,1457036.2007307597,1175850.8606941446,406518.4650196869,245151.34558901616,583637.5505992157,2009208.9076954667,266988.6607970203
60,-96.44673769303418,1781090.4559533377,3101362.550099535,1593464.3873649866,1386768.9204397486,585398.8928323009,323776.52508484415,739649.3293983869,2282298.2352690483,405096.1853525467
61,-96.69784660188208,1904000.3947944252,3318477.28550428,1714732.9176746032,1492482.5865010899,619876.5130607024,347353.3487247828,807477.9705258666,2479017.3301732913,443140.5401614513
62,-96.10168931017854,1635517.9839058635,2776250.5731152026,1468468.8895159184,1258978.7583331596,488400.65048731945,286260.32057611796,671742.7558989164,2173216.990427815,360315.5731722934
63,-93.19174052627518,960099.898944528,1710959.4465608664,894182.8223102469,728839.5973578923,293534.9825446074,155779.7766097459,356495.6822304895,1105521.9631257714,161251.37853494362
64,-95.18731368683947,1197257.9205347076,1877566.2380934637,1099557.239028818,957191.3748783644,424578.8108652827,299016.3636223674,670157.3239922662,2058328.3357212422,422940.26084394706
65,-96.42393659728825,1727479.4169516093,2870791.3136784835,1617212.8418369114,1338115.7002338057,530581.0673025724,341438.5163571881,787501.651836533,2484473.940733538,423530.4175441256
66,-94.94973440318094,1369960.9864054364,2487119.630896486,1219800.5703845012,1024930.7317362343,368970.251686245,167217.3440611069,409009.4029464011,1375546.1480151345,160342.2496060039
67,-96.70612509507194,1773541.1797945672,2967703.282790468,1603307.8450431519,1438097.5133794495,670332.7130771939,418806.60538232984,939388.2102323811,2758918.22395709,589454.2835188172
68,-96.82142298405225,1968858.9303181078,3190838.01749996,1803959.529356327,1504926.0454317331,563845.1986603796,372676.5885667933,870893.8361495377,2884892.9718396515,476000.74203258264
69,-95.15711224237387,1380458.6509333712,2365827.24339441,1270079.62933296,1025412.2352158106,355271.4846587269,201653.49591362354,484312.9049915251,1657497.455133632,209913.42361822893
70,-95.71106856873669,1523009.3342339029,2672308.1144058956,1366559.7544656128,1168771.775760218,449842.1935790554,240565.9472924841,570260.384654812,1831354.426884908,283787.38834265387
71,-95.028645682427,1267386.9046130413,2246327.6860255036,1122454.3607238603,1002700.9072230224,429862.4578051987,229922.19518045714,529617.1210402208,1594916.117436272,295947.57319395896
72,-94.36967733474553,1204759.4227568228,2125617.222577119,1088779.9374967157,897404.046328257,323225.2010057911,164196.7990328098,394351.45968487643,1333842.6798168665,166478.10630353238
73,-96.34805441507532,1816723.2845337929,3208535.5806134082,1640196.0049324676,1376910.3379075467,520225.3589405794,270001.9142016564,643134.0154408211,2094372.6842321805,299166.12633495795
74,-94.52006662509453,1141410.4363946856,1922353.978689586,1084868.5526007474,870513.0060989101,355265.20612221153,223133.50016910766,499663.11098324135,1560574.387158969,252151.7697382013
75,-92.79684950494597,941947.7789338335,1695249.9380025817,840043.1395583209,712703.9471883546,263669.4572576591,126408.46593366498,304443.12994666037,1001311.7918510899,131854.64492810148
76,-92.84554432442363,961345.3219814592,1799328.9708320692,875930.0630064757,720374.7987607373,290120.5746290519,126079.3051181323,288638.9422946233,891010.1394394222,105761.52377222838
77,-91.72580237072425,858385.4949675903,1511286.5866721042,794606.5098571201,618916.4951329526,191765.86986785172,95491.89258812524,235168.03940541577,868176.0220288541,64887.60933405395
78,-93.85908734419588,1020283.0599916459,1680837.282232058,929532.819908394,784013.4028234981,301979.6043129321,192090.45046963004,447300.5554419501,1457538.0614357064,244970.20511609194
79,-93.68335573391498,1147329.6169980043,2039653.9636334127,1039163.5151973843,823370.7688799445,246063.62578762372,111062.95318153538,285904.8284760054,1098931.2557766035,70693.31133893345
80,-96.85535401769194,1848004.6523766527,2885546.7706472557,1719174.4221625032,1457486.369699163,638379.8727103715,455401.14033157943,1013546.4323754929,3143636.2063437384,622859.3724758889
81,-95.20835472387425,1380918.5174122201,2308831.8719948023,1258580.8883469573,1028605.145859785,354796.32058206614,212922.8707761532,506113.97704407794,1759108.0916957115,236265.87175334696
82,-95.53893938195807,1360706.839850119,2226239.1168272165,1247976.539767498,1061994.0246403906,441764.0107193583,287091.7422643464,654430.0565228607,2056629.7150986048,379671.4376730546
83,-97.6558085426935,2536807.4977254104,4022060.7478286275,2371933.8545834343,1979670.40572761,819783.155441657,575945.549302954,1305099.4815954322,4113472.016013674,765999.8349525336
84,-93.53548974968695,1043846.9935782279,1882007.8123977948,931450.1192499382,793051.1176158166,293225.68765914335,141531.68584184087,344765.0182941869,1122675.3910700397,152658.07067771116
85,-95.9551302046339,1636944.5817432404,2855924.3077296517,1496516.4095843278,1233773.184464669,455074.86734365736,246997.41113803326,587198.9223721378,1936607.9262633894,267230.95364402066
86,-95.4237744780245,1492264.6383468853,2685615.526674337,1352359.7102259875,1115647.3202640556,409479.5462379463,196820.82332572216,470835.9598257028,1560498.6411066838,188456.6135673491
87,-96.30881921720234,1672618.2759828675,2800612.774340864,1524561.7119221082,1306745.9476077834,533477.5511349847,330247.56840511924,760447.8087966782,2386290.9040986844,428099.07893433486
88,-96.26292053658068,1598491.1829142966,2583276.160511905,1514916.7826978716,1245941.6277757608,523586.4000633728,358210.70125107677,807819.1815356477,2507134.903064849,459496.3137498058
89,-95.07118984150631,1298254.3110905103,2330854.1904083905,1166879.2497033798,1016592.0123344854,428540.4911907178,222837.5485713892,514868.4769379158,1546892.0848771716,268678.18107945414
90,-96.15015600423635,1722919.1809366765,3037808.019879754,1531541.6540708642,1309054.9385959997,498258.2122170228,256623.2201700044,610963.8664123771,1996456.2740677963,295509.05114735477
91,-91.96488769777815,830232.8681031201,1385929.949954842,767081.3294603381,608401.1222037821,207321.83824840887,125627.69634768974,296678.272433021,1043047.1093369914,130241.7570864046
92,-95.77883899643929,1611464.5477515594,2918607.5861719465,1415316.8580352326,1219381.9526746147,463508.88220179116,215008.15273398306,513645.5497707249,1682704.9007454189,229079.3464070705
93,-92.39230259680265,935249.1272878802,1653824.381937154,842774.221555586,679040.964365571,215565.0442023414,102363.02130103779,254069.8026451382,935367.9242284596,79384.19832711255
94,-94.35443587218558,1222668.9496509528,2240304.223948503,1088940.307735928,922182.1037739215,330279.3094450469,146246.00085804248,366106.4991970488,1216482.7282555103,144660.51208976694
95,-96.57082541853937,1742660.9707366333,2867410.3224083073,1582714.4553832414,1377994.1537177507,609293.2703533642,389583.59421578416,873284.4039950866,2669707.6748087825,527684.8571455032
96,-96.05450428352344,1595416.9085884667,2675772.8253760864,1465917.9177150708,1220922.5516616509,493445.90249117883,301649.45621972135,684338.2604822898,2184478.139115122,364234.21228105825
97,-97.58761598868098,2405408.5835535545,3844711.042763786,2220036.0658552125,1920060.435168784,863754.1659829459,590416.3978606386,1314885.67044062,3993797.296829581,815011.2239081196
98,-94.99367869877675,1366544.4194911823,2490882.334880114,1212937.2185680256,1026291.8736403149,399050.7796805409,181196.20979439717,424289.26415834477,1377849.2650326488,179194.5782023338
99,-93.13749528869836,959096.0309996946,1701138.5737602776,869412.9787808015,729670.3683509773,290430.4379455985,151654.12988359985,348161.4342679945,1102895.023957582,163880.73447873374
100,-94.39534342291732,1238056.9740999197,2159775.6635431685,1136725.9031424795,908097.7313270381,283565.93191737565,147506.72729884658,374861.8763140949,1352453.9584891547,132865.49911780067
101,-96.68842392889734,1716769.1757005213,2844204.6268282393,1539404.20843986,1415389.744594026,694366.2681300808,441785.3713311914,977607.434010027,2817792.2902450073,641889.796361944
102,-94.69218870428817,1284054.2822590445,2372212.699729204,1172268.24928968,967553.6901761657,372616.62508457334,170137.6093285493,403226.8295377923,1268801.2316684544,155566.62703738228
103,-96.20812302572149,1762920.3610652788,3080425.120993477,1596666.8131305133,1324423.8745762461,478764.2312149804,253819.14294563353,611559.2979858699,2047325.491638259,275350.2479482866
104,-94.70785126509732,1290863.331923559,2349525.8906758707,1131501.2465008325,975728.7475437744,369660.6030965818,167126.2234394593,403573.5831564757,1324763.4918371106,177863.98793919935
105,-96.28354025181467,1613772.4316088033,2611687.6522640097,1459262.611262636,1273707.8598294272,535114.5469507393,354003.6376589546,805801.6546672408,2523424.763731135,486451.1303959617
106,-93.66625292476664,963902.2727824288,1579613.7521469295,892923.4762981556,749806.2265393337,302935.33867049584,199587.84262851017,457207.92373917496,1440783.5062061106,256883.79767916183
107,-94.9317121590616,1390295.5619461301,2580593.0366474604,1223131.131361643,1037825.066897568,381677.18859173346,155762.90197565287,379015.7449312883,1268266.0049334916,135810.89040385917
108,-95.62813083969101,1498626.2016478344,2654458.641214132,1343717.2817411672,1149552.6628612613,447047.0878266837,232663.17093430695,552909.6558459945,1763153.9025566417,272603.38877784973
109,-95.10756173074671,1351915.1985518946,2330077.940758926,1225275.5762634762,1017785.766363705,366018.1198352035,203591.63979006105,490157.86499976635,1644849.0987323925,230105.58680205746
110,-94.27765613445925,1209356.9716122851,2173148.1991624786,1094878.9088533246,901794.1816328618,306131.74305683846,145604.4018695023,363465.79502180294,1246396.1673433487,134076.18368994864
111,-95.57480665018079,1520747.046105115,2601661.5537780733,1392958.8254651555,1124606.6174668805,383556.69571594545,215298.75680190726,520210.07646489714,1813363.8311526082,222854.70401346695
112,-96.33436950117988,1496067.7584275508,2285770.0534327165,1416336.7282486649,1222428.6926670421,576751.1139143674,430446.8992818906,951675.9044909396,2828137.1352442494,617339.4428945159
113,-92.16765119909121,918053.8101712911,1622681.6639708711,841345.1383072475,659438.7334413213,193565.89474764743,91701.36108465356,238076.81343371514,908497.727345238,60854.98301971609
114,-96.05389976896807,1542646.0090717992,2630598.570656031,1396300.680258175,1220960.0947966275,542929.2556570553,323428.4372563441,725081.4149305961,2179398.9101105155,423149.7969572868
115,-96.05928730364049,1654295.2313993634,2819909.2911533685,1509688.84099767,1252970.7578307136,459685.0810128534,267640.988059748,632524.2306470198,2095658.2282903069,307137.94034151535
116,-93.28050722484461,1013333.8760030713,1899754.8576579068,860899.4563431424,781084.2544976367,322857.5420856509,134036.38439606183,315016.80066780833,972920.4357285773,150867.67627520446
117,-97.06310365495261,2015667.4758568145,3265752.2170931725,1881277.143570115,1589863.7114019308,686994.4149317582,463011.63728742924,1042159.3115463099,3198493.1300152997,615868.7646462896
118,-95.15959592209317,1305234.1458792943,2142983.1261482104,1177099.8881442694,995254.7979170518,385309.3900286109,242150.3216572184,558097.836977573,1841907.1187945053,306982.487949377
119,-94.6334302668133,1112133.839938055,1822985.7567061535,1045193.25849654,875294.5367071998,367839.9580875879,246895.31685945374,561993.1497085362,1722480.1463869214,322207.75798852753
120,-93.04523706988073,915021.4807606427,1580851.9454481704,829637.3509319174,710869.8602106512,275652.84108816105,158059.96883975586,375806.86171367916,1189307.150312638,197343.02016223106
121,-93.4148903167025,1011871.1592439133,1713921.3242460024,928419.6616360447,751044.1245426172,263483.5265167028,154429.29627294725,360462.7210148328,1239676.3888181755,159104.7140255064
122,-90.20236639296942,724388.3326807137,1277325.7812280466,655483.6769146739,524259.24763478414,167697.81077008168,80834.5879142358,199102.55916384124,732562.4538163301,62465.98275365205
123,-96.6039489932914,1818574.9242259786,3040160.83680838,1636821.2896001835,1423451.9886039922,582463.7132952205,358002.194969699,826712.9197856039,2602046.1389781027,475387.9031428699
124,-96.17167627088791,1724735.4497179852,2918873.6847515493,1580290.1685079613,1290408.1198455044,450691.94463563315,264566.65996474714,633528.1823291823,2165978.331534929,293353.1734138229
125,-96.92094144850384,1823222.4211357175,2821167.835820471,1682350.4830311155,1480976.8768807282,676579.7011200278,489645.537647072,1092610.7157740789,3302652.219670265,708444.9939754906
126,-93.80340983649081,1053728.7028274997,1782023.3567519335,941481.2588262459,794690.5489079655,299496.1619312468,171959.45123795923,400695.6267672283,1346843.3425246903,204204.65679398782
127,-97.35593390672584,2372340.9507420026,4085432.8852147623,2169192.0136913355,1841996.5989471313,768092.1371946095,445373.25582691503,1018292.754237105,3144571.836348797,548363.9688083534
128,-95.7000952841233,1612454.0200512204,2947112.6845421763,1422594.487946544,1209304.253000934,441544.83464314835,193914.6870384169,475046.8851039428,1589310.59528776,189385.35757050646
129,-94.20424942341472,1107655.8125487063,1887335.6162410774,1037981.547513327,842267.0906954521,310591.3417303969,187793.38199360317,445970.11726494506,1445096.1038883722,214221.41921054816
130,-95.79115708624728,1470650.36051629,2446788.056992849,1329407.4039332934,1143399.8381612939,468277.25012950023,290279.913168703,665084.463813887,2106101.940101242,378782.17495314777
131,-96.06545108974387,1505784.5028733916,2413533.3469103384,1358123.3025777177,1194217.7470069246,511551.24471450876,343081.08705209557,778379.6980939694,2430042.354243963,482028.92087758845
132,-96.7031042362364,1770937.3071723022,2799606.17615155,1653241.9917932255,1399005.9918629935,608436.6927559059,427984.81728509284,956567.5642872999,2952424.8671729825,579286.6994334665
133,-94.96687413879566,1337436.4475821247,2444002.5186162973,1171943.4101881883,1025764.9486744421,397267.42623270524,182655.18925044377,441057.58797527966,1406359.2213293167,205638.643003598
134,-97.40896402775363,2275297.625792416,3699913.5047503244,2060432.0643857059,1811002.4152298048,810414.6323543412,529853.6007752076,1187220.1664389023,3618441.66640094,736605.8169104409
135,-95.2704033188886,1452185.9952188432,2657747.1922161477,1274883.6401415565,1097187.6854085582,412681.21095674013,182629.99563138897,443166.0217826046,1455448.1015353957,188892.01344394282
136,-97.01088095013893,1916256.507050168,2956991.6403202913,1779502.9815245722,1529583.2537238582,662351.2145187253,484614.3472540709,1094269.8887232202,3389986.360522509,687676.5480676638
137,-95.31195514144336,1390293.0494646814,2413963.772152825,1260664.9690599905,1058915.3045738474,409616.7748626698,225414.37827041213,526422.935151779,1701537.376509767,259224.3985951427
138,-97.04379868793325,1910562.4462952723,2983167.632789333,1764118.5892019023,1551825.8746508628,701295.7315819351,501477.4044632855,1125251.2702261216,3401632.0530423066,723375.1056748785
139,-94.85611932901972,1352516.912814571,2482037.024098056,1192855.0598917352,1014477.5596977073,372650.9780600355,160837.9923654931,391574.7050647452,1307101.6239773065,152642.65878461505
140,-93.82120135874142,1084567.5758988427,1895399.197634221,986035.6086078291,815643.3129409379,288083.12002304924,153725.58184513397,373131.3888836418,1254753.1342215491,163926.27166993805
141,-95.70435417825932,1409203.8111923963,2294737.1143095917,1279558.2672376747,1109781.5045084108,454032.1224062885,298253.4133817305,684151.4430196573,2157312.2135090926,403632.3375959941
142,-93.6279265712424,1098625.4626885103,1929426.3121763684,1007855.1295412455,801987.260905775,249759.6492029518,126846.95509583301,320491.7588465202,1161992.927249586,105495.95310388792
143,-95.01236591936248,1187406.7004262176,1968189.7728305305,1076871.2151292763,951973.8749821403,422550.03916469624,268943.16131292214,608211.7635302019,1834108.0546614467,372421.26424670516
144,-94.15816800249142,1205623.6409962564,2162763.4149189717,1086373.1193996307,886217.4488943525,293034.7392705832,135283.05684420897,337786.0270869308,1200050.3634219205,112785.61458884811
145,-95.30874353645808,1334021.4083233972,2278803.672792026,1192606.4362568038,1043031.9875771984,425579.50391841534,247135.2470667044,577826.399108846,1814577.8518395538,326140.6614329926
146,-94.25903405575625,1203662.5687184588,2148947.1782908714,1076717.0356272156,892980.2019282643,313597.6586285635,148851.78987687046,364209.97701371,1257678.8386602174,143636.61247488545
147,-93.35411632446132,1040010.9267858185,1841115.9938893525,948217.0893143684,767739.5440740347,259305.5544147632,128860.853628647,316844.06088900834,1102990.7939496557,117134.52225856487
148,-96.8608645554367,1987442.840577661,3384811.083249882,1804670.7296033578,1543681.6810989238,648223.9141292596,381912.3850940109,870041.728804196,2704784.771536333,482663.03689192224
149,-93.34568602350583,977321.8452494335,1654865.052953632,924687.4589860812,725913.4696633035,275054.6682999302,166316.0623610883,378083.87653975666,1241162.1846885327,170551.76922190966
150,-93.80118858575351,1138570.1399356632,2062918.8449502897,1036274.5209905357,841121.238984326,271393.47511090216,122031.33139609352,314288.27864519856,1108668.13618619,97350.54332709321
151,-94.32272725184765,1173001.7929326086,2065412.4143118584,1046300.7559783035,885594.7274274394,344098.7907228786,177614.7535160563,409699.3816987872,1340169.9613166447,193095.72678921354
152,-96.52810971470552,1719688.4898469897,2820365.6242042906,1576086.5681158085,1365124.951716173,577413.9372629595,377201.08617818647,865660.9328466714,2666866.9375702594,516407.37162495917
153,-96.69159075364348,1871987.1238364961,3058174.4382363493,1713674.54327802,1442160.0677428325,569941.5842170059,370812.97240242944,851719.631854338,2747509.5316873644,475758.07414927566
154,-96.83946142603138,1956086.1343110837,3260578.6266848766,1762375.308032129,1525384.4649772106,628564.6178326855,387084.48946280446,886842.0059417372,2798719.0474123224,509088.29329191055
155,-94.22333513395766,1143839.3815796142,1965488.2210359892,1040544.3245814644,862432.4417578366,307702.5374259617,173605.3174378601,416192.24715870764,1399878.839469158,193938.94216241356
156,-96.58660243483172,1852839.359937917,3058462.3469725833,1728681.8476596745,1404158.2242673521,529202.4788000035,340763.3013342405,789637.1960319981,2590378.9355866495,404634.71863199276
157,-96.23096505857353,1638810.650762787,2808605.2976870337,1473731.6106991987,1290054.1265357414,556376.7117839943,324073.7063996219,737054.6231025086,2248794.3713785065,423031.98460865504
158,-96.02951250236944,1541275.8570125015,2592654.456439362,1377930.3114622687,1211453.524934404,529267.1467604728,318787.6621027208,716779.2811838343,2204950.506943534,423926.19293647486
159,-96.38605987562948,1786117.547027348,3095546.3948854953,1593035.6010084597,1373975.9614740266,545133.1484136748,299108.7412343901,697597.9127596605,2237545.98045346,366025.3724526465
160,-94.9674901934428,1313862.3394714843,2277414.28968941,1201000.8229415521,993560.8309861879,356196.3708752264,197147.15244546777,474913.0714355904,1581383.8278108786,217700.94045671538
161,-96.5876891118968,1710958.9745863907,2648069.0789922834,1580137.4591540121,1348388.7676887962,568651.8277138725,411499.70136940246,929091.3553029373,2933065.748802208,572939.5144521005
162,-93.04502718202978,995188.3674425487,1734131.4482965344,924625.3655555773,728184.0562196037,228614.9387638367,121507.41274081706,304804.33695544477,1090740.111860538,104566.35511408551
163,-92.58231681050552,920666.9121225318,1650474.577992139,846044.2959945058,689070.2969518099,240735.83252827422,119765.56523892048,292176.9759030848,973902.3083592011,110754.81564595735
164,-92.28758905969069,926792.8643657552,1636484.4047359962,845439.2298754411,669302.1698429595,204565.56176315926,97468.7203811774,246292.2941443508,925029.7298540366,68905.29409675996
165,-94.36605868578432,1188882.1147256836,2161954.095310594,1050212.0943999952,910634.2400644235,354530.2876649351,167444.97703946594,400563.6437550578,1272602.1078075808,186886.51131426412
166,-96.91715034323232,1948819.744499779,3189213.6217629784,1757996.8887912293,1541014.2624346938,660419.1863368633,424515.7798459782,963621.3653511606,2991696.2387301307,583041.839104733
167,-96.30903050770654,1720072.481571117,2947304.4549232703,1552669.6433178545,1328591.8883619842,536755.5698913218,309120.71477411693,712697.1570327822,2254595.77382827,381966.1744153443
168,-93.1356157282607,978041.4472405779,1676740.847939643,897802.6468504329,724256.6529464688,251680.8213262824,142140.52839991788,337464.14619130903,1162048.7989516887,144434.32408872462
169,-96.29065462118893,1643138.7759683172,2731828.585692694,1503264.0709003932,1290408.0981773494,536438.1700850405,339603.3684512474,777925.688561683,2415730.2285964284,447258.8823973221
170,-95.3220808283373,1351828.1959529598,2334629.0001125867,1231317.452452632,1048537.1745739816,422798.1570197036,243382.278163435,566107.8654888315,1767218.119236982,300248.45119815
171,-89.57771952693962,653858.0165256071,1167385.6155826785,588242.4253334348,492106.87102391385,173040.84045324704,85638.42646425396,209017.85699982574,703773.8997684608,85902.13466047983
172,-91.18828425054343,678944.5114968953,1207321.5563446807,594847.1696827752,554786.8305487699,271946.1260901801,148841.35802608234,329986.39255781966,926054.6375730869,206394.1251244258
173,-94.71159678479378,1331823.6664080792,2479340.959432847,1170997.4004726403,998193.4285410625,363527.12066176016,147641.46324234986,363349.5194038365,1211141.5302988086,130393.02770940469
174,-96.44463362228069,1775475.4609249653,3003783.433966755,1617514.2724673674,1368534.3284641623,543832.6770776775,325639.25248834066,753118.0659739452,2400320.844691092,403467.8165568541
175,-94.9940067403065,1180916.9159264166,1983014.5317125102,1096199.9416492765,942155.2027632341,429932.1366756987,270952.49934434623,606187.8447826486,1788950.1518751376,360494.09082971554
176,-94.63132045381391,1274192.6555512012,2168932.8239369784,1177226.2767784258,930683.3247300928,292972.87394785066,166827.2826739037,413141.3266722109,1490875.201976551,158997.80173186486
177,-95.28933995047012,1455561.9875131128,2666834.8954446567,1322431.5463876328,1093854.4740876455,402552.54030234145,183964.6497361262,447602.70427075436,1457517.7076899507,171343.50320833587
178,-94.63547847144761,1256984.976134469,2210509.299155439,1151026.9456931085,940991.5409871046,329474.4269236139,174386.6627477358,422322.99883816886,1419282.265938294,175128.45776058675
179,-95.46560816417163,1398673.8786453856,2437934.6935152533,1249400.9109106397,1091806.9917104116,452458.69166967546,249883.7821679827,577113.283223991,1787478.6365231413,314615.1070667331
180,-96.77078423632814,1824291.6666377038,2901858.86911057,1678656.789848642,1442806.9879354662,613523.6830154416,423834.9277259065,960946.5211413128,2992140.117711795,584986.2185562316
181,-94.89162010059911,1291177.6119510734,2210765.7359071076,1177416.212075034,968901.6323717152,355726.18725820596,201983.75620979324,473638.9772929423,1584379.3726515851,221266.48355443697
182,-95.68909003539876,1428823.8285511301,2452104.1583061703,1301954.674076485,1123082.9249422047,481153.2379235848,284386.0861207786,649161.2293323533,1968436.1425013633,365830.75805243384
183,-97.34873712256577,2107176.1772143873,3300262.255902355,1906701.5528021057,1732329.6830527866,808326.9838507348,568149.5201074212,1273076.2241854856,3806241.558787683,846892.2909676211
184,-93.69926544390891,1123670.5338814664,2136063.154701474,971174.1416594188,849051.356250903,318298.2691044544,117470.57378792019,295033.12672716065,960832.828517851,107907.23047710901
185,-97.29868580730687,2226595.812547074,3681064.501203514,2028818.2718947812,1759384.3153365483,752385.2001057706,480256.86313513725,1095732.089093888,3371014.616083096,650979.1437161309
186,-93.69169469298942,1033592.2821527367,1886226.1630530516,898829.6846026658,810353.1881272161,335723.9427688927,160892.2265792063,382249.93282851635,1161761.7608753352,201615.77707242148
187,-95.6158721012487,1395460.4702382644,2246158.4122409285,1269423.463827607,1081028.5553738296,434051.23265354516,288579.85536633513,660299.5463329529,2128746.664792375,383260.5807942991
188,-95.29059721723011,1305181.8429774507,2219607.985165306,1194776.9069703093,1017970.1794157594,449398.7044314332,269021.781324727,597847.8764934037,1813232.0554883317,337083.2397276584
189,-96.27505836000945,1731123.8942254356,3013080.1304303976,1574572.3232193515,1326859.0137432867,524879.6556528385,291715.09542657965,679197.6123817125,2153415.1206996334,341825.6510753868
190,-93.83417604662473,1159071.835932729,2102476.793729256,1036774.5546127269,848293.2505639509,276478.7802190047,118602.38860890025,302640.3767202647,1094078.805178425,91610.5656003211
191,-94.83683618273177,1370690.4146897325,2490393.850455195,1264419.9513084204,1002836.4256613232,332092.1622246498,150503.5507407467,374001.3057713326,1305170.043969146,105115.1795918109
192,-92.93905137000257,977687.1200831572,1841886.426541343,829294.0636820194,747097.146913391,305454.2630139301,121507.23444213717,286747.7326006149,898843.0018053727,130305.61197070515
193,-96.47361362220195,1814874.180204514,3096836.4770154925,1652838.3487093872,1388378.1303252706,539414.4143909313,315066.01197665377,735974.3332825534,2368237.7395703034,380258.33558431035
194,-93.23982424546344,1003429.0697945311,1738473.9321192333,904995.908893722,744974.181695598,256477.17632116517,136501.29704831776,331421.3435551631,1153759.068519853,141918.33349392004
195,-95.73261306021641,1374414.1012824944,2216615.5520270853,1233227.803712466,1101272.4357742413,483568.2790884986,320821.0781361316,729138.8509399961,2237713.337755762,460711.7345570603
196,-96.91176505981883,2001281.8404931994,3423894.975018654,1816391.5634440961,1568440.3410424562,675139.350014833,396946.55406029726,899593.3063337482,2746152.421942025,507980.0675042353
197,-96.55265786774108,1664397.5731068726,2660668.417290274,1515131.094205036,1341323.673032136,621929.1336559677,421405.3283890843,936438.3742114793,2812931.222547871,599494.1159193652
198,-94.42121986243538,1161299.3376339457,1977980.6741513913,1041316.4519599093,883857.4224341215,337358.12108462624,193777.1762491353,452749.41661364376,1488150.102910226,233294.2899924497
199,-96.23302667742168,1604561.199630245,2628376.4268336566,1480802.0841177113,1250751.9359338942,529407.092586748,346019.1662882447,781934.9233946945,2432862.8245419078,452111.5320142527
200,-95.41123414395443,1558633.3869544175,2863526.9486686224,1373434.692379497,1147065.8514748653,394932.6896357146,160605.00741546883,401696.46331297443,1417236.0715709748,128962.32514681746
201,-95.28814973081253,1498557.2825091046,2745716.54199681,1323045.2297099722,1110412.324117225,395505.4221283939,166633.83329303763,408368.91241703945,1406403.6715089981,144696.43836808903
202,-96.6444027638383,1951512.9667020184,3314717.7783592064,1771192.013195504,1470930.208711795,536041.3207536703,311101.7239622701,735628.268601371,2468682.984002549,357687.8890575383
203,-95.25202577012803,1415996.644549268,2546258.0930054057,1276182.0244360233,1071196.0360589088,407007.2766565992,200624.37455371814,474276.64115724614,1530684.2823476119,207123.04744954585
204,-88.10927045338451,571280.1836603945,1024293.3006688299,504540.859411338,431125.1193243232,162837.82943306543,77877.69815403775,183675.80914164553,608418.5007400151,81304.0703230408
205,-96.58394151058997,1687855.6146995048,2642713.38998966,1557966.475200439,1347929.357844189,589076.7781869922,418744.5099446243,943870.6403323996,2909256.4239741387,591453.5751585014
206,-95.91747350349884,1554246.7645581197,2562273.643506655,1430934.8253453595,1181300.9257369451,437390.15033664467,280261.7096028865,656328.71722436,2173180.4601033344,341505.8801654973
207,-97.02529511647093,2039813.9316424383,3428269.499021945,1829837.9491709378,1619423.859323787,699230.0562568827,425716.74224554957,972493.4430796457,2975612.0458245752,581102.0782207309
208,-96.0091879999472,1641229.767548291,2900447.042125361,1492561.535929046,1255846.3112611389,482619.17496376444,256808.12540217166,607415.7945657539,1935527.2362638058,288971.4670396169
209,-96.31305445243655,1741011.4292024744,3032080.256664536,1556499.599123882,1347026.5108769096,540313.9416877162,296754.6143614491,691852.3236992095,2185905.4430300687,365146.93362614576
210,-95.5884956980232,1527805.2719989386,2724338.131962797,1385232.6126414407,1143728.8442500588,432983.6096586156,216126.0103800996,508798.8646797637,1667831.6247865583,218808.15555541107
211,-94.31607765320682,1210188.454519904,2083365.614476351,1109120.2601094113,885428.1588427854,285075.8763486628,154893.1423176485,381576.06868465646,1370992.8040704292,145415.7822093801
212,-92.07357219309034,900867.252800827,1600293.1218419017,817941.8183859052,650351.88750199,204923.56294307046,96213.61611390249,240685.2986205821,887973.1271473481,69280.66534220049
213,-96.15960031023654,1575730.1186880306,2713953.550684504,1403781.8297052875,1259513.2251312044,576501.4539778638,334441.7084536009,750855.0194814872,2218833.583653794,453212.3766664577
214,-93.3134263924919,1059275.6661042336,1873475.9015948342,980241.5684661957,770247.1963660048,228291.505838722,112565.01383255134,293681.9185846476,1081546.6336763774,83204.1508872574
215,-95.4075810991974,1412776.0736596421,2514925.6162511758,1258370.5653682067,1091692.2275306669,450394.1316574009,233522.95131820493,537138.6520367124,1664152.4133515474,275606.8997844102
216,-95.05766172636588,1317269.2099915247,2314012.683089014,1167619.76662787,1008470.1455283387,411243.8469864921,216916.7295635678,497785.5917418231,1580117.9172919074,256888.72777898455
217,-92.90402912413427,958905.1089566189,1833299.9368012315,853750.0744537468,735573.7471489363,311452.4831178532,129337.54605670483,296306.36279409303,867722.7579829833,122176.35419066052
218,-95.0289834526413,1348889.8701315979,2326654.046828531,1240391.339544537,1009250.8808508897,336385.9643124849,188078.14862920783,466139.3238832966,1605042.1045370898,198896.09159754924
219,-92.98258877848973,983300.7390259373,1740843.497707066,888521.0827886421,729057.2757757688,247755.90396297455,123441.72191236643,301649.3064767668,1047444.8863903774,114894.65776041028
220,-96.61625603997962,1865361.5048253117,3211307.8954259683,1710995.3241185148,1443073.876355852,584953.2476259653,340302.5398671528,787019.1460244483,2452502.9152977425,414528.14805288834
221,-95.24437667197544,1396951.8535794204,2359221.9864139,1289466.049591935,1035897.4376246375,357451.9625804868,211130.4456041876,502940.93719485163,1738245.1308453123,223358.6779310259
222,-94.94433706927131,1246924.994132401,2218939.360598362,1113389.7580788173,981397.7607444993,422983.75813007576,225468.37945636534,520247.0141629454,1557932.287096304,286451.05807031994
223,-97.27543291345931,2319303.0898537044,3880221.3103449563,2091237.634154224,1786858.068823988,693259.4831778414,421011.37459631293,983816.2770170833,3195831.755686159,537744.8147084822
224,-95.06069638602057,1332514.7594813441,2359810.0781694693,1199048.873494884,1018118.063616099,389868.3159318216,202697.84071463876,484467.61982722767,1556105.8456836394,233081.62303382249
225,-94.12779886315509,1152869.6207159844,2127498.3784740525,1003570.4229569896,885795.8614772494,350149.84433261893,154982.3195101262,370346.57136589405,1165117.375091998,171213.60032415352
226,-92.78608395692245,998502.4660510421,1770946.3320165952,918816.315573378,715320.0707608104,214317.15319731363,100994.84237048228,256545.67551394278,971323.6165965749,61885.52440304098
227,-93.32416977982767,1076474.9928001773,1965352.3248875225,949694.6946256357,786734.2208987963,264855.28823237325,109275.66448745789,273196.88666806254,984049.1496618801,83328.64242449767
228,-93.46874264790145,975805.6203621888,1694993.8913422038,876420.0445114176,756656.9627727757,308931.0094593028,171793.95284318208,397384.510783024,1242497.5183646244,212203.5312643093
229,-96.81113395164049,1869479.3451640196,3077513.927617633,1700893.0043607133,1486210.7469837079,641613.6928895111,414081.39153482625,943994.8419394185,2888827.9967492456,570276.8134540458
230,-95.26902224552902,1331324.8298979758,2292669.989792554,1188751.5996502691,1042250.7566239624,422203.7296840562,240942.5938995141,563587.6004046758,1767316.0741084162,313099.27520818176
231,-96.97923084774402,2091121.9916627817,3610518.2928774753,1871621.9365932858,1626799.853021776,672285.4210424353,379882.7122190018,877203.5022814122,2737160.242379878,482702.1542889205
232,-95.15040343173726,1455962.6227997146,2682744.221655447,1272814.2441186286,1086468.1078569933,391191.55323975335,161153.0963812208,395070.10659714753,1348537.0740010738,144103.70028034033
233,-96.95237369859122,2094053.6985026232,3641652.574036576,1878778.8089639621,1626375.9478722902,651158.2357784767,361091.6545883116,848124.3333750882,2669509.994512037,452097.9581346937
234,-97.14974229749065,2081212.4604101765,3281811.335761776,1903724.303650216,1639183.1450414043,673354.433500417,470681.1511887764,1078173.541827585,3423956.001825091,655620.1067951742
235,-96.21540138230837,1820648.7520991212,3299345.20860149,1657697.0681402702,1357822.7026192902,484249.45512228564,227214.33589819397,553867.734389277,1846760.2958055874,205633.06345498876
236,-95.68557853013193,1565201.639776825,2838709.219346483,1385374.7381442885,1187450.137256778,461431.9447152846,215832.87916053782,512289.0519872002,1648848.3827677788,231611.342167786
237,-95.76161653086199,1678774.737389574,3100308.3494508527,1486913.3800384584,1245315.9642077486,428353.3870093905,174711.2981294527,441183.6359535599,1528828.1300592094,142602.4578151267
238,-95.05814620862971,1366037.6252640241,2395800.535876416,1249414.9304945501,1019648.692960199,357114.34936731675,188361.6450335164,457005.0184010819,1547400.961816885,190400.67169588176
239,-94.54775599799623,1240386.503694217,2335500.971944133,1088177.4190486714,957742.0046020966,389494.54712935904,166786.80939828843,396390.7719883612,1198301.9992644542,177323.74057649155
240,-95.76654533871107,1424929.8718608906,2296698.1486374033,1305815.4599757239,1115274.2346409422,452233.0342897782,304809.2210122414,701954.4504091712,2224829.7463729894,412353.96747528034
241,-94.60166254722469,1210304.5923017233,2115860.1426995047,1104673.74103645,923680.440000818,346699.73148274916,189978.664474827,454392.8479592144,1466614.0329362378,217288.4821941379
242,-93.07290121463284,948798.1844132504,1695022.5173081553,858456.492009119,727388.255461392,279607.7369725231,144546.52726569504,345991.8210420356,1093943.3950928273,163685.93821418894
243,-93.17638354366049,1037833.8208880877,1861464.5236284994,950067.8130899962,753531.3834547504,249115.29347873796,116574.24438105182,284959.84619763494,1014972.8172845991,83817.22026830714
244,-94.8631443192991,1312709.7213882408,2327060.0117636602,1164344.7285922493,988413.2423279206,373709.68706550077,184857.39019466168,436413.38046117645,1451048.3904201824,199662.02526170018
245,-96.66904133386336,1784802.92740671,2984378.5417718543,1589551.8611281936,1434253.4875042082,647817.9183170325,399277.60959639645,901981.1826983453,2708589.9091905113,562390.3672724747
246,-95.28820707488504,1421330.6704045983,2521796.184537745,1280795.4320410222,1079659.6882257485,388256.278348392,198642.73567219384,486145.1738541138,1605620.4775067735,217204.97445304817
247,-95.04157343880175,1255728.6007579577,2051815.2592209661,1163030.5386453443,963828.5149113408,370844.77420715534,244079.36623426745,562366.4644211938,1826299.7596234223,303874.83270115795
248,-94.2257253923104,1169704.2846746051,2120905.082115448,1043322.3679623902,889134.8702945821,336243.3713325709,159216.51421250636,383020.8818098931,1236949.9593159747,168231.04191640226
249,-94.04167010214086,1077158.3678081566,1839779.8406090338,977569.1340022101,823850.8963994596,319366.43839487084,185625.86660865982,432418.2579755492,1396560.2741360418,222513.3342310306
250,-95.61053887262557,1475452.6117474686,2484973.9162618406,1361873.172719978,1111071.1993365989,405815.72618740896,246156.40850112104,580019.1172234835,1927481.241843778,282152.5970022447
251,-92.63519021693364,838572.8628749911,1461325.28116891,796962.1075271029,650057.3732805875,291883.1774025975,171405.8673089254,375796.4691364753,1104658.9278765542,194881.79829919522
252,-95.09269962221573,1304767.6383449868,2330545.296098207,1157448.9606614518,1024864.8485365451,420846.0237636459,218250.80444158113,517058.0729387055,1582071.6073044837,277091.0752905252
253,-96.43897468479861,1649040.5167090057,2709976.000466437,1486808.2035409207,1329517.9539337421,587579.5281961214,379187.71822039917,866685.0055192353,2621087.025215168,542430.0083706618
254,-93.68332039555636,1065263.6394656363,2007611.1729318313,925735.0720677138,827794.4919351082,339643.185916217,144111.07373393362,346002.7890100881,1042795.4673429554,163178.55676622657
255,-97.58532898556248,2444352.486051575,4004945.5041709663,2224228.187283997,1949391.0820378526,870545.5200944833,563846.1959865101,1268116.2205834985,3846308.2083749864,779329.400879638
256,-95.52406823254348,1439257.7566026782,2402442.852331764,1319572.1228758085,1085031.4119617364,402326.89655081864,246478.02899554433,576795.9061969429,1921770.419302144,290545.2963598318
257,-95.63636502186563,1499062.943439987,2657319.4595113904,1333328.9111044563,1154538.719104235,453462.58950152685,235023.45583412529,555970.4268987663,1765252.1404760163,279482.4535571726
258,-94.78384208984211,1279542.432802363,2323980.274441529,1165188.2448897692,972282.0346621444,380736.3243696558,186515.85037347768,438356.2799638683,1372353.43626125,190975.87611295324
259,-95.09384977825557,1271993.1182634437,2107192.475909913,1177823.174846577,981689.9359170067,370741.2920187055,239454.5715310946,564569.3953168746,1819532.6683076508,302018.4154483349
260,-93.86302516047397,1054282.6298572759,1808726.17322274,945088.1427786046,805187.3085216483,311631.13546395,176731.4342126255,411546.6856474395,1337773.2851285285,212107.79291435838
261,-96.61501073737546,1945464.6261305108,3392400.5677974164,1777656.2327451927,1471568.5738094067,549438.2582636967,299495.2248756929,711046.899495285,2326937.8118536905,331323.7194623086
262,-93.66019900802802,1081999.0576189419,2038675.0312941596,940576.9620255729,833238.1333934576,325824.38481534494,133469.79664979878,326404.90311030555,1015618.1178494096,141302.71013555888
263,-96.4845628256885,1710707.3646215482,2815717.1644808515,1563136.4337010921,1343948.876042745,585604.5785309621,374999.89748715144,842620.6309216849,2593581.106914526,499846.28143053054
264,-95.0193225321112,1283198.694220771,2177568.4781243,1180551.210274444,983934.5806681444,371641.77769418573,221784.99733157526,523119.3865536618,1694863.6889615564,266151.4748214105
265,-94.01850315807494,1173579.548512248,2130758.8561255983,1062705.0973202342,868816.463440137,293056.96594594663,132046.56443443403,330790.24783899926,1145638.992260005,109273.47163139241
266,-91.47341815079974,821110.8004292179,1570268.723035347,708353.9586973478,627796.5119157154,244401.984301046,91803.23904880731,225469.5817650742,705859.0455133788,88557.2125135647
267,-96.58469550871249,1920724.0374415005,3385004.9684918304,1716838.0931547969,1468881.2318347408,571979.330379729,299748.2006049038,707512.5762901702,2270603.4436271912,350376.2096369036
268,-95.21986619404163,1346395.935272853,2371008.898888325,1209459.3796797905,1046550.7559476986,415854.42107283283,223597.234356087,528126.6704903571,1653663.7774300375,273271.3142786544
269,-95.98473853150982,1501617.0592099,2502932.7369485954,1371725.4105992166,1184074.959942816,518894.8935493141,326354.118968819,731967.8206340843,2227292.3755297186,430430.3896446688
270,-94.0472880713241,1079925.4342039782,1824131.5241862934,1005789.8387316826,814887.291633648,308653.92216301226,186973.76331538166,433873.3402859238,1416090.1110229911,211382.9360582577
271,-95.56406925835475,1531844.1250056014,2850337.474206304,1413789.2635395858,1156147.392282193,451544.2791294793,205911.81367357494,484875.0202074351,1494520.373165358,182578.4544738717
272,-96.59983869791039,1692199.1020891294,2754615.297737186,1553309.9246807708,1364387.5872769796,645940.5286600498,426063.7066587894,940344.5081973037,2777967.5223147585,593364.3884439802
273,-95.17639780575917,1323187.0347907625,2308706.2770641823,1182818.730326716,1032240.1846532916,410606.7546594546,225436.8833791731,534751.2114911899,1681877.2370667323,286587.50280261855
274,-94.9537232097891,1335739.7028736214,2424278.3697475605,1170416.493513919,1021612.8217724717,394729.607589616,183770.6548091347,439524.3729722329,1414830.0055009532,204779.59922501183
275,-94.48475270934543,1250185.2880656177,2204584.2225010633,1132790.9610816038,922520.4482680083,313337.2057346696,157622.06995205575,385304.28798988287,1345304.6783401836,147637.7839393791
276,-96.19162225749638,1592633.0628684505,2606598.022469963,1480479.8953874973,1238616.5997574015,519097.28385062545,341063.8923871886,768453.0907499309,2398510.691554277,436273.2154698952
277,-95.50345876772909,1416013.1485797355,2469041.0718076974,1274388.8923996324,1100573.4921698,445778.16653431836,248073.28043149732,578453.2169644879,1800100.0319101845,307412.69507792697
278,-95.54582190603266,1526618.4582636277,2798517.2247694344,1343197.6354267807,1162382.6597625206,441574.4890684727,198775.08084288292,484787.692405162,1560857.6604307122,214806.36669570196
279,-94.340613979464,1189724.2864378267,2121768.822963219,1072632.076136164,900467.0575456494,325368.3166990493,162942.91311135064,397857.2442422936,1315085.4872984486,173272.80201161312
280,-94.91016654289517,1313026.3471667336,2277801.670602684,1179649.8591603143,985524.9100547915,360831.3705719837,193945.9167692928,456767.7275235399,1538747.098366058,209879.82337879165
281,-97.16806511872595,2010868.5615010376,3243655.021948961,1813935.3462290338,1644521.3118516977,771682.7472797468,514446.00887442817,1148796.6808485733,3408737.3092480185,749468.5055729272
282,-96.61397685988359,1777557.7184389664,2885448.5352107277,1636491.6836884005,1391384.6773205367,585463.0028197317,388233.2164623463,877774.0378536019,2745293.1402356694,513775.9632520955
283,-95.47045804248621,1406564.4219891657,2402901.3336309376,1272680.5179847344,1085472.4082961516,420178.88329551107,245726.2278122314,577834.6282871561,1853196.5256101543,305046.4479537562
284,-93.92836539034391,1132475.145613801,2059750.7769831503,1000806.9372024761,847237.1576697885,325786.98950208566,146705.58082078944,344848.252383336,1137023.5118853904,144449.90142251618
285,-94.83839366889572,1183147.9000329697,1996803.8205176468,1063063.1827537408,935832.6543781062,399953.2086546285,241468.32933048648,553389.9470521151,1698498.501652321,325598.55211560335
286,-95.55710029657645,1393191.7349314857,2339940.1055090474,1310978.1339600815,1075588.2371157666,440239.09282273287,277641.6980889025,629535.0520249326,1956203.588449883,332903.2777042897
287,-94.09446151169945,1215627.1520226966,2175533.2867934606,1111662.7663823212,883643.4066627492,264064.3711831967,119548.50277202917,314384.8004402442,1173993.9360180527,81416.22280292423
288,-94.94123033422518,1352982.7988314372,2371493.585370493,1218686.0841846336,1002569.8482301118,350975.1652606003,179031.5051319511,429527.21738029964,1487390.1402070592,175812.65053425287
289,-96.61912013363438,1794969.224364739,2970448.769446471,1649573.59840232,1407892.8641888406,590870.7432567005,378142.8871521093,860953.811198136,2671792.03330268,496252.6246180101
290,-95.59029977854452,1356824.4142095915,2273556.5180048435,1197463.2244165584,1087235.7851709449,487794.75716600625,297745.0746247817,673800.1696404775,2034688.3691153484,420564.6490467604
291,-95.51207098615015,1491467.073297938,2727630.7508704737,1351048.6955254765,1133572.7838834026,456420.3482342203,216457.54149518802,502231.21620689833,1559694.2846598055,219809.89106433786
292,-95.46115832862874,1407734.0338073683,2336281.066059941,1294714.1814532678,1067408.4679312431,398323.365681071,249607.0729306316,579780.7486096415,1919670.3868296894,296474.74414928205
293,-87.83083248773296,590463.7845292831,1053203.808206146,533557.5606354184,426770.67425670096,131255.42964725397,60359.385425502485,153150.0495177216,571519.6440096488,41665.12890011435
294,-93.83456712571008,1120121.7666005876,2055869.2850448652,1014566.127086443,833535.3113811907,319291.7994402509,144475.17727449167,334959.87621219177,1083714.212780716,123939.71645411465
295,-94.78224489002187,1346554.127318651,2415261.1828708113,1201918.1986627558,992870.6489745575,338755.4105924093,154364.9825232912,379835.39848289435,1342724.8931594705,135102.16985040414
296,-97.63794864936935,2458548.0535633434,3992758.096012735,2224322.6496332763,1991442.5076599112,886760.6033207545,586514.5595244003,1334860.9061472325,4029811.8302816516,845941.2939859687
297,-94.33332639511434,1234421.8848877717,2319570.447776271,1090530.4004050842,934717.0943726467,343857.79466778494,137626.66131897972,344638.07081596163,1117247.114439504,126659.58350358559
298,-94.7261271019329,1301256.2178661358,2440829.858190407,1166513.8642346684,987590.1864054798,390556.3372995786,167234.34505394154,393025.07863823674,1218844.5142639286,153140.05771277528
299,-95.80145029447698,1327635.6702768344,2036510.1490827063,1212631.8903765038,1078713.0379008856,507046.93023081636,366873.64376237977,810790.4730034902,2447077.1011285386,536741.0813456727
300,-92.8384082211079,1002147.2438856771,1785765.0131155679,904790.0240797462,724442.8159677234,224301.4974456659,102384.38631550249,260477.4436582204,974929.9745203423,73314.21402932257
301,-94.41284287652694,1155652.3236843164,1964933.5094075317,1074271.8622801912,876383.2867330943,322647.53489571554,193155.00219673483,456972.16783131496,1494114.2405850796,220003.60555494728
302,-94.54060603700005,1096447.8463058032,1797694.363108355,995625.2148815736,867710.9860283314,375097.91078602633,243049.04090188112,548306.693161892,1686133.8433978995,329626.9187022704
303,-94.82103779376132,1266287.1311344737,2275187.157973986,1127471.5501229134,978807.6400376795,386583.10546232044,193901.3832740332,462502.3336538825,1449917.9599343506,228955.0525341558
304,-94.37234273652827,1252069.7225412512,2213911.5264823684,1145624.3956934665,909035.4069179068,298619.5417928219,144820.76952854395,352575.61809673096,1273879.930776193,111764.24216097425
305,-96.1784331908498,1556197.113653832,2530800.6030610017,1439397.4114319265,1231090.7039948332,518716.11122594745,347097.3724388594,794462.1488632361,2453280.8419027613,471402.6118088061
306,-93.79015594632756,1123222.5379127956,2094093.9626815591,990168.7436677475,851862.6762911417,309808.7904416016,128041.60589338685,318876.1071514329,1044004.649844901,120114.09361787276
307,-93.13112894086673,998783.9619295544,1871893.9596419162,880367.828569439,762425.5675803375,296761.8104868358,125156.12844184751,302767.27770770603,946592.5203882258,125736.41827296815
308,-95.1257816094152,1295680.985538491,2200427.362111211,1211461.3793293445,987952.1289341247,395054.3119293235,239421.3699047126,548801.9666772806,1735052.5557909256,279042.6690048155
309,-94.89580188881374,1250542.238304902,2131801.0090666027,1131206.881666018,965969.4347382052,370655.227541773,216545.00435696612,510472.03514744353,1646590.3543974464,268425.61911798554
310,-95.05787983286703,1414650.3038083925,2601678.96851128,1266872.2279568599,1056389.5954968717,372453.9638103896,160972.10463629424,401940.4545304372,1352931.262559315,142822.7907711647
311,-97.19629906382352,2224602.4150880487,3769989.4758947375,2003924.9134052834,1741041.7775215313,699358.3618707989,417502.3383650663,977110.5026030529,3078238.197997361,548479.7474605808
312,-94.50516070226985,1267022.6730242646,2373416.5297500403,1118961.1694285313,958756.2965240977,361430.7798250433,148681.46237411228,361587.8112878371,1161591.823156919,137028.02074192333
313,-94.57930206581635,1215184.5377516737,2200497.608587879,1064899.0547908165,940881.2099567177,385665.30826324737,185888.96581731254,434794.294818057,1348434.27578771,220125.61030175135
314,-94.5708769375328,1240365.9260832912,2156321.720107552,1135994.8682725504,919986.2287535727,327121.83948981884,176071.67930566747,420663.19564981724,1429108.7295196687,178327.5937473742
315,-96.6926703783122,2023792.7444357146,3584397.9300206886,1824245.0227120435,1525144.2756087955,571379.1282997272,291815.5211972048,693686.0400663399,2279050.752321536,312503.4048042487
316,-96.44790276206656,1678704.0287992032,2806580.4980711606,1518950.373270196,1340447.126446546,601625.8985492622,374485.9196602295,841709.9768172533,2529483.9846611978,510918.8517415391
317,-96.87822039411917,2083564.0109149278,3590613.1058902848,1899536.3444394518,1581467.9713170792,606263.4535581452,341816.78835740255,797200.3221077102,2593512.8532949775,391025.5367727504
318,-92.69576485849504,935914.4004403446,1654187.761683613,865078.2412147955,695687.5098434959,231502.9023296996,119844.91070342295,297998.6958192603,1022956.5419386075,111182.21537539802
319,-93.19431924437995,980183.3115314827,1721867.5051050216,859084.4131934484,740425.8826764281,287544.2918074957,146395.53138462862,340840.25653092714,1125126.83144587,167609.89684067015
320,-96.86645840381964,1999398.1346253792,3413037.272741805,1804577.0210388917,1562661.672213854,627806.2078586943,369626.92727293255,864645.4624296069,2713302.2473770184,477827.0201819821
321,-95.89164060699042,1471900.0694383117,2341539.763771046,1356862.1600965203,1145014.2271669318,449134.24046254,311667.98047237017,722713.9540624401,2331622.612942121,420206.9196687486
322,-95.60470557530739,1381978.706363265,2293951.8472606107,1262111.3857931693,1083887.9259234746,461475.87229524273,291871.6842061629,661226.4347376917,2041451.2700007702,383935.0783588119
323,-93.92559213414151,1019609.4595458246,1758532.860590866,912586.8673583054,805575.8062669501,338673.94777129847,195074.5101183811,454700.08143655525,1390226.2113715953,260845.17739442334
324,-96.72556851162905,1884776.065113748,3089101.116205211,1754211.2604101722,1449777.663326741,576268.1412475846,378680.6518804024,866107.4669376848,2765854.4741035504,472913.7915429131
325,-97.10937041278255,2005882.3337266876,3253385.4448132603,1818029.2230683204,1619675.4804004144,737746.4326690218,487110.0793704911,1093421.6352507304,3286601.212754933,693466.5572244088
326,-95.49439031373171,1352173.700853253,2303165.0754949087,1198601.7904054585,1081944.4951301978,467947.17776753596,276195.12720961537,633988.0512086439,1925572.3975004994,380844.05779102095
327,-97.03726642721728,1914999.4973277657,2955790.2220170363,1772230.1881723483,1539187.161912597,683414.7004283303,498794.1579158492,1119471.2677572938,3432290.543856417,714199.9067493355
328,-96.7982863499178,1809747.3155846922,2957132.5276152543,1635506.4815892926,1466782.085014746,671033.365332403,437981.9648522,986608.5336894278,2945633.493144133,627921.4347107733
329,-96.33886885946099,1732202.555269147,2927175.62518667,1585775.6712342778,1328159.1159935202,520800.42106088967,312990.86918326595,724775.5223323174,2326869.854571507,380736.4067195875
330,-95.3177413907921,1370676.5699962603,2409738.847182993,1217360.625517902,1065851.772798786,435793.4793354353,232502.23637148188,542561.1780886266,1692592.3510340455,290402.00105268834
331,-95.40815255624277,1467107.720283988,2663210.041741398,1301560.0575002842,1114506.0361048707,436368.90114316146,206017.88623103962,484805.4127378787,1547014.8426621158,219163.26712839943
332,-96.17879622708627,1661376.5191730272,2894884.1568228514,1479959.0171272107,1297889.5033377141,526477.6171809351,290861.7290993449,683919.3851777526,2133982.0706034964,374172.51706659776
333,-95.25265746125946,1363035.867482045,2414052.5364982802,1203301.8970123052,1054443.7009323458,436305.02791882766,227117.8433045484,523662.8837120802,1632437.2637674382,276206.1694046812
334,-96.55862790861988,1852808.361219929,3212659.4116277834,1658781.5341387694,1433849.1400224457,585474.4784325261,325046.06054070254,752982.8919286794,2368839.3387155375,405090.41544332483
335,-97.05122071257131,1976349.4471691013,3277427.484206129,1785004.2712058509,1600505.8065417053,746115.8086557869,473361.45858789986,1055809.0468331894,3119211.981449863,665826.5718627052
336,-95.27815005485077,1412495.9115001739,2473733.618318754,1260903.95643231,1065206.4704171568,396312.20372390904,207237.1975605009,493399.9110207138,1638471.1894299185,232097.3384817985
337,-96.18920769149062,1573232.2996497308,2608085.7874002117,1450733.1129475613,1242663.946465391,540087.8172403055,345607.00662249443,780569.8096010177,2375689.4654857884,457844.9042854455
338,-94.7035595515524,1328687.8869383791,2421432.586164242,1184513.5433623148,983223.7173216754,343383.4373727684,149874.44784581946,369260.51351685566,1275166.0460105063,128428.06650338408
339,-93.12159187724119,998303.8237066347,1831435.5252044871,876790.826701926,757157.8796193327,285425.2364872549,126497.45952124514,304672.7247677089,992869.2160865807,128583.15449990483
340,-93.94268278121483,1095093.8391760276,1895667.7305042606,1005062.0661948073,824537.05954668,289872.0727276512,163090.05134607825,393543.79158835293,1313838.3176353266,175253.63661300717
341,-93.92581936115266,1110074.02684358,2001186.1985012535,983431.1393855223,843368.3847979315,315423.4433298262,151659.57029395757,367730.3750731998,1196932.3549214618,166286.3704178437
342,-94.60267796039693,1189276.835674596,1974668.2767784612,1082220.1973034472,898619.2911805379,333601.7360076417,206354.91263766636,483035.89153682557,1613431.555155771,249794.5895485761
343,-95.2108634211585,1470908.6210672695,2734162.2484485884,1319070.8468474683,1093779.4381043646,396896.48538153135,164131.14110596327,401485.0811834141,1337897.8550528209,132550.48696271537
344,-94.61150109338682,1273266.311317687,2272345.233353888,1143144.485914459,949592.0774893299,333562.2562253277,161150.10703425886,396673.0604073015,1353566.2791713055,160853.4469636115
345,-92.41196156673064,880737.4930787578,1664190.7244374473,805010.9658683998,672624.7532105007,296447.84462399536,133680.03094974448,293281.61658398254,843879.4786522104,122547.13061429893
346,-95.05009110645204,1325870.087257179,2250039.2998975823,1213201.9300303254,995973.6663806171,360765.26066165086,210622.2697012302,495830.28105853917,1669600.1642151072,235007.9187333141
347,-95.96707196162482,1550762.1918352982,2609855.233634011,1389053.2732178108,1205534.6752033504,490237.12650893244,293766.00677745254,677045.328850513,2149670.687347055,382075.59521032294
348,-96.88967711443051,1853943.854335512,2879190.7309360844,1724360.400476735,1472377.2404273213,637033.4534448392,461710.4524339383,1039049.6182677805,3223092.8010076634,645386.5465973613
349,-96.35491765419923,1696457.0345272776,2799656.18914455,1556719.5444552004,1314830.5301466577,524392.5024207172,335612.42618883477,772254.7122218843,2461775.013393569,429915.7128648584
350,-91.83160617071051,871782.8400844192,1577885.242104257,782987.971185041,640558.1917749072,207462.1223338665,90709.0968470732,231579.9579081524,832797.710715232,70777.16622730391
351,-97.18643879823584,2163076.493265859,3694102.487547849,1973711.557161313,1711673.395187835,748864.3353038077,447981.1814891749,1017654.3216573951,3061767.201568549,587235.5476108361
352,-95.44696362265199,1469502.911720037,2655454.445026677,1300911.409574913,1123343.2163979209,433273.38351395563,207575.7735980908,498680.5364207306,1597735.9422037043,233743.052380748
353,-94.37743916283362,1224769.5210341031,2120114.7785280207,1127154.635854821,893217.9784162609,294067.2131536988,157529.8800605296,383039.8954593823,1367515.6645513566,141873.14059595746
354,-96.46787948740057,1786605.695352857,3005473.972612631,1644670.2080062823,1367389.7769844183,543271.6980969097,331067.3722084528,760183.0329263161,2432914.315520176,400346.95019356743
355,-94.41891923077385,1179537.972227429,2057167.101062382,1060345.0825799173,899495.797874888,336001.5027942943,180946.61933027452,431012.67669586954,1414062.7161278303,208010.66641419474
356,-95.88980061757843,1570422.4739631207,2696971.462528933,1418755.6723019492,1202910.7374912407,458096.84219471447,260143.25537471822,616716.3200244153,2005786.0840461112,316135.9257705173
357,-91.91545528426649,870677.2297508526,1558530.882965149,800667.1520786178,638045.6393503948,207541.9943116559,98897.9815367309,245176.85404389957,867524.933173991,74514.5840522793
358,-95.57637870037277,1499073.7871630024,2612637.4378565503,1345388.0362236171,1132611.382111587,426752.3247112721,227413.82368038382,534535.4948710959,1766452.1269261169,253874.69605257205
359,-95.69382883045195,1501709.008857382,2558932.948426019,1354246.0924106229,1144734.7957212909,439346.1580559565,252192.57543018245,587717.2115412661,1926195.7420155061,300923.6195030965
360,-94.49624473938916,1211283.475490013,2204078.594256833,1083121.2603908244,922688.4021078025,376363.38385117124,180029.61055344343,414997.36272776,1291607.8068400065,191527.510772085
361,-97.68629502298619,2609794.816997827,4329184.751204772,2354729.007558814,2066602.575717497,884801.8721297003,555539.7755613416,1266809.102576404,3908724.5739584905,758229.3056212799
362,-97.24407770865967,2122748.3902810337,3447898.485101044,1966114.8560773323,1694044.48935243,754228.1975503807,504209.47943698044,1131177.7227482432,3419788.7747974023,688067.2744943135
363,-96.98536474566909,1949190.169875847,3209207.97241909,1789279.826517314,1561754.1021761738,701655.2172475153,455811.9231171683,1022161.4569113371,3065657.876240021,623774.16781559
364,-96.20491153743953,1590827.105554802,2680931.968414352,1439068.123425165,1261275.499537389,559308.9904102843,341535.3469888438,769071.2767243824,2322192.219735895,457370.66878267005
365,-93.6410826339399,1068311.1639843087,1889356.6236929337,957862.1388643789,798974.9734065027,285669.67898722383,143675.83732077328,347380.3245514083,1176884.6568629572,148439.77036068108
366,-91.96409552684918,875968.3934907656,1563251.7492705793,792725.9913432526,643217.455524703,211328.6912483944,99345.61503114845,246245.65049661693,880648.1209453227,81298.48563639363
367,-91.75058932621408,821014.6265538373,1489192.6448819553,747311.7799771405,620430.711236702,232630.09493533545,112840.57218385648,266670.9103925129,856394.722430305,107939.10167371482
368,-94.60626334147818,1242486.6199021176,2111169.7689068243,1130668.5089883485,919866.6048086175,319754.8385297035,181936.03350292903,432773.88288479595,1505082.393886968,192603.08696801795
369,-94.83023755011058,1244848.312940032,2084234.5744277847,1138812.1068014984,940259.0951273021,355738.6545041152,215395.30931720627,499607.09635906166,1652190.0492660457,253422.10789870523
370,-95.80630008951208,1628926.1728482184,2951262.8786982526,1451441.367923527,1229632.7836355695,451691.8445268437,210971.87907679254,511502.9639053199,1686605.5908970197,213923.6857854004
371,-97.3725433654181,2275330.7767589223,3779907.9401692254,2084830.7224351552,1805576.660766484,786660.8842660519,500128.35984287894,1136440.1408993572,3451772.6264359253,676640.7358202685
372,-92.05938377702087,884448.3020698646,1532139.2876419302,807450.6897779874,637785.1795605274,197806.72107723926,102588.41848896339,256789.44502286348,953643.2889429935,86107.76337574686
373,-91.4778904952798,837980.3790315604,1478353.5669437395,762836.6196881337,602660.3452367624,185665.35071786717,89506.67280650335,224463.62366768526,840614.1403655752,64208.20814349061
374,-96.02027757603183,1610024.1742569602,2743118.949814427,1489500.015062332,1223729.9497000412,475452.9154108212,281351.7307501026,650546.3655638039,2094033.7651860733,323934.1712794361
375,-94.92118091226767,1393064.0886222743,2564937.246551995,1230104.1925562215,1034390.5529399279,360750.11477747856,149009.81163847994,375967.3927809882,1296086.4164496486,130333.8254304042
376,-92.66983439349528,943287.1162053267,1672149.5623484605,852892.0585131018,696767.9921286709,237589.99374709936,117770.25058113769,287390.5191229165,997265.7735318515,108247.1354248212
377,-95.24684554598342,1332902.1408295294,2227182.825724842,1222674.458696025,1022271.6995836906,380747.1418730407,236700.42036385695,562497.0855537539,1838901.8672138562,295521.1623760623
378,-93.12429184733976,949387.8550927,1646181.5428999057,854419.2402665571,725037.8469516658,277935.68228093267,152894.7480272542,357814.8301427337,1163081.7788190122,177456.90334685447
379,-92.6050917052362,941609.4699988349,1622495.3015837583,858749.9513378667,682303.6460935903,215409.01669729195,114924.8634734562,283516.43728028645,1040961.316151204,101618.71585268332
380,-94.83349385616815,1307920.6192461508,2311002.656045121,1191503.315154809,979700.395651423,350563.657363539,181242.53248242423,434268.87933623034,1452964.3671183893,180625.40751184974
381,-94.15546472268859,1152494.4088351044,2074057.9921556718,1058276.1042002782,865158.3148874586,322790.2657725575,160819.6965170435,384211.8928135393,1240667.3699576682,158009.43711443996
382,-94.94574799449909,1304535.4681897536,2211167.3064825116,1181757.6528335256,976520.4600687935,352395.8596103208,203827.4656081468,480871.0299681473,1635020.8619818343,230031.67589071146
383,-91.56929341904019,836311.6184004649,1462963.2437783247,764751.0921625337,606946.5728947765,187172.5869026157,94771.67345527926,237305.68283102327,875834.1857024478,75376.10736045864
384,-91.93283213510941,784080.2865362554,1411518.20314084,681659.4511410113,621047.1103386803,278532.9420652686,141852.47002612465,321594.75057642837,949174.8062732979,183666.18238850424
385,-96.00038188454383,1609183.7270102245,2842238.947070645,1423769.515646928,1254527.870643011,508466.761655221,267381.05867781205,629140.9178742911,1966634.4031798071,336169.2265395645
386,-95.75190005370322,1519919.2474790898,2662326.4485682948,1337076.8872939716,1176064.3601084696,475552.90777873294,252449.16648121676,590781.8641778706,1871489.6521089678,317939.0947000051
387,-95.03603012421009,1366981.7505934516,2510921.1263848674,1189997.6954543057,1044380.4139569475,407154.8440816864,181317.60217405038,436529.9107080662,1393951.2074427793,200871.42875562081
388,-95.20801005738953,1249290.5255743985,1992455.8668834406,1151783.5349772286,978431.9339554252,403311.7073949147,277404.6543891273,629366.1338689288,1991583.220038464,371865.32958455326
389,-97.09350577956968,2094323.0367848729,3551589.34723577,1894078.8086462652,1658225.4911170432,723254.4029534148,434307.9116867963,985887.987152692,2994119.454251029,577682.4155419694
390,-95.88358617553729,1532740.7642751273,2619191.695134226,1385174.9488759928,1185306.6531750963,489975.82487871585,284580.8180295118,647836.1279960333,2033333.4504831324,351877.56353756465
391,-94.23739893300518,1220135.5286312648,2243014.911689577,1108357.654527598,902327.5186907682,321357.37666581135,140806.12176507773,339048.99468315876,1139425.5298526029,107461.42906077752
392,-97.11032816741813,1925725.8957571152,2951393.1041822024,1774289.6501168811,1568151.053171424,724861.5137462708,529668.419734412,1181168.8260316483,3568311.8128816457,776718.1813452396
393,-92.33793948729164,905216.6221219767,1620001.217019741,813054.8637520054,674347.6213352062,229186.3489136701,109967.75824672154,270527.4642346843,934190.359135839,100721.09702796342
394,-94.39061239857007,1264285.8811754652,2338502.941409408,1105047.8943364604,940608.484108524,339128.02839837666,136982.43124248544,335503.4249284237,1148879.4341380175,118448.87343397534
395,-96.09096471620077,1472973.283741878,2372019.3369232863,1347687.1249029732,1189918.867188341,543735.006728768,366445.3553415987,819459.3682500401,2458057.4944073823,518350.8202588122
396,-95.77028160128492,1473468.7883300954,2526006.319763463,1313044.148716244,1151672.3023781143,495916.9928807193,284552.00457722426,645100.684667633,1988674.8539191338,369506.42686717707
397,-91.6659860748338,839281.8124460694,1509238.9942351908,766442.9398308867,617971.9439215922,205425.29376718777,96761.30207255855,242215.66701872455,842942.9503578609,80803.64263420265
398,-95.93126702921413,1619223.2076764295,2767847.4523867606,1513366.3510183035,1210752.2317902176,430041.4448298624,252002.59289711848,597240.5725995171,1999653.6690922878,263289.9779313623
399,-96.98849047211723,1851483.4569138514,2843873.813947718,1747982.696218268,1494610.9036394022,690078.5845797588,509935.82048221375,1130551.7222879569,3402944.521862381,721955.0153214452
400,-95.76027143881845,1581495.2806023976,2749659.6041625217,1429116.754472914,1181208.5414930605,428227.57576292305,229083.8076991278,543663.9246420418,1837807.4066980805,243483.83947490863
401,-95.81028738964275,1399697.4299980165,2337804.1425753287,1259858.562890445,1129160.4893081314,528166.9506288043,328618.5237149719,733903.6976428651,2167267.90411297,461318.07699299825
402,-95.76205264732766,1524111.6550765552,2725396.1360708224,1349341.9187000615,1183813.2734680895,494540.93264642794,252925.2312732087,586640.8690278033,1802466.2845152055,308807.4731416566
403,-92.13067004061578,889130.7845171865,1626832.7615445864,781452.4788465606,665394.3677150534,241182.8408214577,104098.5550188578,251821.4457122562,852739.6090106089,95555.76649434408
404,-93.87247061585444,1142654.236320292,2080672.5654912463,1010538.0609567905,849494.7997947482,303262.3445173065,132250.57658691928,324043.1772584801,1110086.1812339982,120960.22387299954
405,-95.58390814141491,1382519.6971690282,2215562.4735218836,1264105.1530442159,1070025.2355698496,424737.3412770844,287107.09814376594,659222.9681913942,2130818.982982486,381347.0196929424
406,-94.81245194916379,1313090.9575933872,2409710.172046095,1185093.5481981074,993024.9626000064,377773.87835243484,173101.991918611,413335.8044148452,1323088.71434342,167540.84444207855
407,-96.30100368635863,1725599.1183146026,2989325.7120780065,1561978.8888194102,1333052.3736990362,532818.2779583149,299825.5575061972,700427.6812045835,2207609.1861596135,367653.07517646684
408,-95.20741776142671,1342407.8051767596,2228552.7341755684,1233071.0985981692,1012138.735899806,366612.29275805666,229707.42407644293,542116.8524708413,1816913.8437839048,272854.2236400887
409,-95.59769335180518,1478806.8515870997,2594776.579276611,1299840.9996612302,1137149.5809698198,458579.29690049915,240982.40009703263,558969.7599246086,1783306.12835216,293770.07539461035
410,-95.64622704095605,1497963.5351015101,2656932.7644398184,1342148.7038953544,1153931.4080649388,454902.82393754495,237330.39572587708,561080.9544466087,1771209.2607572465,280442.1474961647
411,-92.78975398734045,1002925.6542782857,1775518.2815924734,914126.8770882306,719725.7064679995,213289.07106970868,99225.74923510753,253581.60175848383,971264.9774394133,62052.49408454775
412,-94.93460570994198,1326690.7503279145,2438261.73906561,1160564.627283577,1019268.5218136725,402490.7152550866,181938.80827575424,438966.1130943985,1381916.8175485083,207164.88679910294
413,-97.03458374872484,2070030.2038405593,3451210.214541267,1894632.5488455212,1619311.469772041,668705.7908421803,419451.8554564473,958693.4294588759,2992218.142515163,542888.5472976449
414,-95.04995099405951,1344941.1882336163,2343037.826169282,1223067.9234297196,1011875.6188512908,365314.35291362513,197965.04791920737,474043.98232669366,1582996.8586444892,213420.21286430396
415,-94.24629972775301,1190251.1659057538,2091010.1775075644,1094753.764865635,882655.0746379199,296192.78816305374,154655.56606701668,377361.30601413525,1304204.8615018756,142486.55969007593
416,-94.2880462243987,1249013.2776328647,2320459.5073932623,1089847.9280596217,926379.6458723223,329940.1322086768,129045.78256284368,322517.99014272535,1112151.5744459373,109275.43174781551
417,-94.94106291282807,1287522.9899443896,2380733.0222200816,1161495.1238071658,1003599.8202435714,432884.58912685857,208526.74857150592,474543.77893676586,1389052.6225508475,229826.73323624668
418,-96.63357280426735,1908506.306774234,3335963.0026808125,1704724.008160623,1483252.0860550667,582295.5990025185,316927.58365618193,754715.6437919261,2391226.6362097743,398328.07856752526
419,-96.09866922303866,1548631.245160478,2615084.1207292113,1399944.6366604574,1232794.7841469545,540437.8025074616,328895.27811335854,745784.7379495766,2255853.1373388083,443119.2259649783
420,-94.89175834490679,1217567.495330468,2047337.5054621368,1124496.5544376527,939054.8612137259,382848.2279754975,236932.8174781053,542194.8524536142,1701522.833189736,293530.4581530589
421,-88.75312767733952,626270.03076735,1141507.6749149214,565298.2764475185,462443.51650252205,155665.44824062343,68734.24518350471,174127.8957267375,603151.7105394986,56842.55567807068
422,-97.41566143407265,2218703.111375787,3521655.6515302914,2048970.7051994947,1785774.5444466139,802804.7725777868,557810.5819778383,1253214.204077702,3793352.4183435203,790249.7788816133
423,-95.43080267345299,1342721.9155516676,2163720.311942855,1239884.5560846447,1041171.8457476388,397694.0003501465,270205.0066305775,630273.6326451573,2046552.101270846,354324.90880578425
424,-95.21762950282448,1391041.7131115384,2484533.413214127,1291045.2913983813,1045845.4274874385,403407.4364895381,208837.43727310305,485783.7081262465,1547175.619470653,206017.31523001858
425,-92.46469805035512,898771.6575383401,1613736.113770247,799562.941815668,681565.5437060371,251631.35800271123,122291.01119427307,292968.1051833998,963613.9453637097,128238.10324913624
426,-92.97333518256539,896676.3146434062,1545223.7140396298,826661.7399769578,693625.9534671097,283228.7863021292,166687.45819525133,380553.5547259361,1178227.2774248754,197889.74233413904
427,-93.64132926413507,1114592.1164343574,2064927.21257421,999308.1184200306,830718.2040933192,278598.88771760813,114770.4086975111,298523.6541869933,1021764.6431980866,93616.3126108348
428,-95.67225819656841,1484962.727341657,2548389.1907528816,1375840.7999188083,1127328.7296110624,445327.0200426206,257802.9438615138,592016.351754639,1892334.596076057,291824.139423488
429,-91.74683751673194,853998.990609053,1527688.8786352063,752900.6588704137,625162.3163088507,219055.62077548268,99289.80848446174,238662.8818346089,847586.13144948,87691.26539364152
430,-94.14084338720032,1129508.7768532399,1931977.4209796523,1032435.6585532033,845887.1250062387,302592.1377151215,172988.0077987038,410008.06455503387,1384781.8950657547,187798.79650290578
431,-94.31439108408219,1225765.9652519869,2253782.1318390113,1130577.4207853589,907281.1641972172,324387.25137193414,145790.86953342258,353991.9756457788,1168616.8509198837,113600.35201924159
432,-94.78007188323883,1239022.3925733063,2187396.9791630763,1105752.6194934763,951998.3916033302,398364.99500059057,209732.09358240207,477581.9781983122,1486208.1753957565,247871.10065867842
433,-92.60569273496166,885127.7039971746,1527297.7008902133,784550.2368076115,673718.7270081317,260793.21784170042,142147.32474443555,331033.69443056395,1088123.7371605749,169272.8217155606
434,-96.26290235011501,1660498.3712506432,2740473.189304035,1543713.300174979,1270770.3974040907,516417.7389038872,331646.7021807615,748885.1253850057,2381293.420469319,405118.5629477776
435,-92.59757586719907,950127.7734431459,1703102.4175206618,872774.5453074978,688357.3473094306,242273.61545769538,115260.55803219618,268187.6396275484,932279.1508308245,83274.27574048258
436,-95.6828920073078,1554436.518253031,2763365.24533063,1394850.2828884271,1176543.7622585814,434502.81812069635,217870.19504975824,526272.6967580089,1735337.107494738,237318.64842758648
437,-94.62024799146535,1303348.4610771486,2412776.5170870353,1145424.5398193684,973181.768934879,361645.84886943403,150656.6650142863,364028.593977258,1210026.7487102828,136143.04229402193
438,-95.09617777580192,1358632.0939844782,2347709.929989285,1231338.9473305843,1016193.5427852892,369361.083759512,202289.95857260004,479084.6304713343,1615606.375678294,218992.74253106714
439,-96.7730215892574,1986773.8844978074,3441224.7686407743,1808188.2757524487,1523726.277497002,614681.9679764316,345315.5495215844,794568.1780148172,2510139.8397560515,407733.60702991934
440,-97.20810167221283,2316969.9503316074,4048159.0752944183,2103071.178482449,1775653.058414189,703150.2974131727,385104.5516134183,897548.6116018916,2846057.9880374656,449890.43112178665
441,-94.80129757354283,1184788.5504635514,2020734.6861947058,1071221.1586536802,935448.021282746,391667.13134656305,232808.61510588188,538623.7402078421,1654643.9868025812,307896.79951985355
442,-95.30775509576071,1472178.4869765842,2612345.0605474105,1328244.4433033925,1089889.1980687445,374281.15917104715,183782.83870350142,448699.1219475081,1556470.7055196327,171885.76837180386
443,-95.58065228264641,1551458.665188043,2834109.0998488767,1403753.4109761473,1164455.723123736,431980.0820316494,198275.0474726674,477782.1258631001,1560331.4151871514,186069.08255069435
444,-96.37737817082323,1716916.7304790579,2948153.6799651473,1544647.376887539,1349895.8158210928,566367.5224698286,328561.8145831923,756006.9603074347,2328340.4685839517,426452.1586791811
445,-94.79911826752405,1298353.9005534942,2392702.8321415246,1163234.9315319934,989635.283616701,387510.79724066856,178008.24391389854,422541.4118288139,1320270.1911302097,182081.3267753613
446,-93.80068673058308,1143172.7362166825,2150120.2198876515,987449.6737708027,855007.670692662,328223.75829339266,126062.10905153691,300790.4874529248,990879.9736804373,110343.80475573897
447,-95.39650894947357,1453188.2013917028,2571459.809053589,1304599.1399548464,1095615.7971613975,409879.91208626993,208931.78900933536,499380.2178869208,1644598.3855427392,228224.94968422945
448,-95.66242252594603,1508869.530434165,2588271.6847051308,1359149.9388761776,1143886.9971986886,425824.2007593687,240096.5320915078,567042.247897004,1880467.1722542788,279506.8145294691
449,-95.26213036948987,1327830.5722582403,2190517.8599127484,1208249.3317058545,1017442.9197135923,393243.1939252222,248897.6639726973,574516.9225190809,1876048.0318832337,312072.3647146144
450,-96.59313728620904,1724026.6019261011,2869076.341295435,1563320.5027052187,1388713.9200681404,635403.7922146469,401584.18146626843,901947.7482088729,2679729.8753321986,559313.4861886275
451,-95.99002337891206,1498200.8674913251,2494860.7512215907,1383996.157392438,1184970.4208704873,512502.38038027205,325665.8966905451,736985.4494896496,2242983.265081915,429351.9558831762
452,-95.08511488042045,1302357.9177359578,2295441.1627140716,1170090.3790975502,1006579.7464434875,423952.4078290738,228431.1933786715,520146.49719094875,1599163.2274680794,273150.63215117395
453,-94.65096325076429,1328496.1539333025,2390186.4585081153,1183937.3666666027,972777.8496325599,323573.17866199557,142815.5881991156,356815.84807637247,1287638.733743887,117257.27786412001
454,-96.02686232849675,1583610.9575530004,2742343.0313930237,1431553.806942737,1230382.6981777726,523389.0952933852,296064.2589368123,671127.9236469023,2065348.6389037673,365922.62312603183
455,-93.8961286617781,1103504.1145832855,1928218.2515105975,1016842.1050495428,821072.2577018848,285531.88655257603,154696.09649189218,374278.99009546684,1263323.1726240458,153913.32049275385
456,-96.0418590066011,1570549.0473074534,2621567.210345613,1433078.7572614779,1219632.9384475579,485058.3738070639,301722.51808525744,700752.9280059425,2230031.3312241714,388684.96650610707
457,-96.12052047159679,1726515.9757567802,2993067.231750713,1604189.808427939,1286339.883888178,446785.7859393,247759.75454104788,597173.9361523235,2023080.2358885428,248212.73020365502
458,-95.43191693120852,1368588.1547880098,2414856.1611397974,1209675.9861930574,1085032.5807155857,473492.96239084826,256199.42837218038,587042.3207149606,1758120.017175185,335854.6491013411
459,-95.4097553690004,1399833.2003761667,2467402.9102633675,1237423.8305555258,1087082.6717333393,452150.4575415695,239763.20947927766,551587.9237134639,1711389.67069649,296416.4463076333
460,-90.25444538896001,728105.2798268249,1346095.2056472446,653178.774943084,542462.8688848785,180079.58850928282,74774.6621677556,194418.11761938548,668697.5784961791,59950.289897007795
461,-94.22115810843503,1201988.6584417496,2165207.7181725167,1068441.1948392317,892748.3692595782,317296.96522883227,145801.40926190733,355353.8631088745,1215746.2532827882,138211.03020277256
462,-97.10358722594158,2087424.0218047602,3408977.7655034033,1919545.1574845377,1637196.2887274888,677149.4387312923,445448.4667111331,1016465.349699091,3182777.319023729,590393.8563428161
463,-95.62145780885642,1463228.5142062525,2454328.239516798,1320824.9240503167,1116101.737901484,424734.95157122356,254795.07311709298,593919.8317687579,1958912.0111011334,312776.35850311513
464,-96.67189609274128,1811947.609931353,3098952.692988279,1630317.1142431763,1447027.4953603572,652212.1592653376,387152.5626735856,874515.6497555581,2597993.4721775707,524087.2908261034
465,-90.96211893472113,765884.620541167,1450691.23551834,666555.7205495214,586856.1877334538,228353.34614174932,91050.4956033006,221915.8619516412,693919.0862753339,90799.27537066357
466,-95.61934541427813,1572344.5289028236,2909174.4696411025,1398646.4538581485,1187228.3819349767,451752.3924782803,196373.71942478386,471982.1231224716,1519288.91990515,188056.95788147295
467,-95.24773997099022,1386089.4910004449,2463265.2284119865,1255297.5773726613,1058504.0070240132,405039.19650437136,210684.6104829842,502445.3101292631,1603135.9715693756,236653.77588764738
468,-95.72008654689486,1430924.8415736896,2522592.975333107,1274908.853986218,1147228.9953965165,522523.00902222254,288666.30310626887,652376.9539448775,1904940.6632055657,383591.50732161
469,-93.49122281426503,1038310.4550406876,1864561.5757837072,935373.8668291053,783753.0262479662,293357.23174878664,143283.58183506478,340976.59679820435,1114121.1062993356,145871.5455258465
470,-92.72661877714474,930072.8912795308,1709246.4616697468,825609.1265095312,710269.6514042454,276431.8669079711,126447.30798779434,300480.4490680739,949157.4194632764,131811.72339167167
471,-95.53964360040767,1419327.237912541,2375005.0645271023,1293200.9412500083,1092275.7260259583,414512.1194410329,255029.3210993628,599453.7901079303,1950114.739218352,319118.6232146973
472,-94.53672999766867,1213701.2812684944,2157929.96542575,1118173.3640283528,914225.2947697588,355264.3626830249,185299.88194186366,429703.47039733763,1370921.2828564607,188840.92091061713
473,-96.06630668597343,1664577.3510662932,2941142.560406543,1479646.1152843807,1281325.631896242,495727.64887072117,258826.32262452453,616157.8817789621,1972155.156278289,309579.72779945924
474,-94.8166452193988,1369024.4414900218,2568115.3343341853,1207984.0294371387,1027460.0831250543,360893.3781733334,140518.67716654847,360250.2884723834,1209088.8968055176,119185.45263205432
475,-93.2301807521668,1025365.7323617238,1845872.1498398168,933769.1798686164,764658.6559409754,251306.9984074736,119151.53469587723,304608.51598230196,1050460.2303523342,107623.59895760832
476,-97.44340935319703,2334779.380948808,3842883.1945429305,2132286.2943551806,1851207.8617035244,803241.4688817291,518271.97383907886,1174186.9337872986,3593830.2092743535,703888.9222789775
477,-93.92356067234067,1109510.8412791595,1971076.0228226369,994280.8571140576,837669.3529448233,306756.68053420965,153196.3135308349,369009.2424592165,1228553.8215488056,163386.15636308043
478,-93.48157744450914,971678.7719429971,1743417.5972054368,858725.0750195015,767934.9667030817,336416.31241460866,174977.22279336443,397895.88562927354,1179253.9066992514,219454.9630865095
479,-96.45144374987441,1738055.681814617,2822508.4625838664,1582685.7674661777,1344850.198375748,530456.7726236966,347025.10690176307,800413.4476400705,2592943.864070726,456144.2365582444
480,-96.88931652957201,1958806.554405452,3218756.6359940367,1766479.7087332765,1534909.4653833215,637641.1082177883,406628.11064980447,930833.4316909648,2931321.9329075683,549152.6969564667
481,-93.10321969290048,993141.0533092128,1784321.3743063307,871377.2505619399,746532.6202943163,279016.5861504012,130896.50939745373,310075.24326205824,1034881.6525853414,134706.49849437544
482,-95.8244680582643,1404721.7070282267,2245708.5639017546,1269475.3661511387,1120268.489094875,489686.68590340286,331443.2905869174,747204.2532571291,2304204.023977592,468219.11326869426
483,-96.53279284961387,1753419.4113277935,3006056.174729149,1596957.3172181535,1391901.08421346,617751.1579442116,366981.69287501,826554.3682836469,2463365.3524307506,478692.5027185196
484,-94.64776610445561,1188451.5382288331,2102463.177112749,1045259.2431138612,932837.6404665224,393793.6528679077,208736.79280139453,482873.69620734703,1476321.4767850374,267920.628962347
485,-95.09761157074294,1457720.9265331426,2665127.9602909423,1296840.2534636785,1073305.916659066,357897.1283073346,149171.69703580177,378617.04711612983,1346226.410995954,116887.15634065252
486,-96.00391240879682,1607310.3225018247,2869333.493926013,1424445.7351735889,1258407.4967968762,521700.94852339884,270259.2649940994,630293.7450889203,1930148.8336855972,335187.4779460445
487,-91.803841157543,871417.1290189009,1558182.0432650105,791620.3707818426,630262.2909519285,199099.8335922923,91300.75111397039,231412.21757481052,849177.9080406133,66091.50961276522
488,-95.1555401497577,1385398.573994414,2561638.0798611655,1266410.7519038124,1053180.2060726546,422984.4168651922,197018.49379126367,459999.08550594386,1408823.0324492555,192069.34852106078
489,-94.0490197570515,1209725.8409804897,2197359.6518908287,1079237.7840801277,880970.6970430204,285552.4267197666,120353.77564581738,305575.90233250655,1118498.636155166,86552.36323103576
490,-95.31863602358194,1472622.412082563,2597189.953527438,1344514.5399158644,1082207.6294423314,371267.45765726734,187553.48862182949,454476.2877072926,1578960.1615517181,170456.28284587592
491,-95.83823689210432,1506087.2695570395,2550644.123384973,1367290.7036349755,1171612.7655317637,464371.88330392115,278655.8329682537,652785.0445860458,2066251.0860043855,357577.19956467644
492,-94.19582255653023,1131483.5677549585,1994950.7663511443,1025337.3390910563,860332.602320685,332009.1548070489,176766.87694930073,415946.25918297004,1333215.3143455836,198012.19867204424
493,-93.2192379607479,1038694.1235816958,1960288.255858783,913657.4971623459,786385.747799984,284104.9814262297,110620.47336598113,281548.9061285057,917741.475152609,99442.27273580039
494,-95.09986835898485,1442408.2154849914,2666859.5665114964,1269583.1949338338,1075587.5694884604,380761.6039156515,154998.29100692,388881.8335582411,1329748.4255378337,137037.94361053954
495,-96.2476685332813,1677705.3501806702,2836663.2532947618,1492699.9731190968,1301629.9731683913,529432.0125791968,310935.01211507566,716582.7845022203,2282633.766103482,403445.49259469245
496,-91.30287382867436,756638.0492397117,1284478.9202987275,692891.7079105077,568729.5118208762,199500.74080641379,118244.17083064209,281440.0523230749,951362.1181959211,130649.67223530351
497,-94.26307865152825,1164173.0193305141,2079059.559991761,1049401.278124116,883057.260770193,336032.3431087389,168650.23073959298,399667.35565939255,1295246.4861762433,180317.363183623
498,-97.11663790558596,1894169.6632208193,2949776.0016046483,1734133.8497829854,1572149.295270865,769146.4993539363,546797.5277900528,1209792.0652423347,3542221.9316549967,814927.1543204606
499,-94.25511682997845,1216681.9792242255,2152920.251316575,1102177.914340942,894956.446144638,295146.1215217432,143908.4763480458,353894.47286337684,1261602.5127644548,123845.42556232901
500,-94.53070259465566,1256211.168873134,2356369.4913329408,1129613.6080174346,946274.9506515254,379201.2145396959,161313.9185696481,377889.1490330072,1171752.4448903268,146690.20024745175
501,-93.48045463616033,1094495.8583807317,2018446.8465361272,965032.3336260126,810332.8443795331,282102.60358163185,115042.57958266408,284332.949862962,987467.2370427975,91356.21525601225
502,-94.387619284056,1197644.1152404954,2079521.083498745,1087850.95342784,896374.6417989671,313200.2823815268,168432.819370418,408205.3749071264,1393622.6258521609,178414.4371055807
503,-94.6273092117859,1261186.6914946309,2268130.786090317,1132675.7596271487,954625.0969701525,348659.56619113847,169289.49900984886,410285.7244781447,1348265.142863358,174703.37858311489
504,-96.11290532587833,1596564.9913830247,2777551.863550416,1408800.0955176193,1270786.3258868107,541728.1218476188,303457.0046374568,704418.9690514054,2137332.6887797657,410596.18869058107
505,-94.6276358363232,1116880.2781385393,1855023.6900645127,1007615.2737058647,888793.0194171483,380591.42130737356,240732.6225078896,552701.2697116083,1692584.133539982,333390.43763893313
506,-96.7120319443328,1737424.9836459772,2884195.914402498,1566332.5189278242,1427153.3551508524,692932.813860935,440197.768098598,976799.7472316277,2824325.214851505,633828.7309536595
507,-96.92919325743802,1930591.8931661118,3199030.52625698,1772008.4139342438,1538622.489280367,685995.5069569082,439861.0652767141,987706.6921240821,2967592.1472163885,594071.2254734767
508,-96.80811412979648,1924193.400448506,3238602.466805002,1745101.753122148,1511464.3197284513,629642.7094998684,385341.4014928683,886681.1787898605,2750339.557551587,508664.8293990559
509,-95.57241251088749,1506132.0964590593,2679625.961222366,1343150.4173352288,1147685.790671947,432375.76448442397,217965.87934629826,521293.51487532404,1697939.630482656,243792.44024574186
510,-93.99696845599492,1039865.2123655115,1749021.4706901426,987419.5594426676,797906.4909903656,315426.88794343185,200676.9609541052,459009.608582401,1438513.8014061525,232830.21682765943
511,-97.42733639025877,2307251.22389315,3793109.5796759706,2102398.7900137,1842475.9319629362,797804.8758763066,516900.51588336704,1178062.9973007382,3595474.468802253,715172.5131074307
