real_name,DIN_2010,DIN_2011,DIN_2012,DIN_2013,DIN_2014,DIN_2015
0,2478526.761089226,1206637.5345715424,1003541.8555925551,338427.6097679247,142202.84874297047,363527.70710312284
1,2130324.1137582823,1057823.549406212,926555.8167981902,400662.6048766908,207316.81030319972,467140.7324673779
2,2559959.4413232133,1329358.5552097764,1156629.5126448856,464343.66622256744,263984.8848871194,620348.7884143445
3,2369182.6090328926,1219631.4248647105,994574.105716447,362041.2383017996,183630.96350006043,439090.7237956251
4,3580428.1826915876,1942209.1673324748,1696777.750319311,724979.7326873463,450598.37316685676,1026158.8230536658
5,2577501.2117035226,1286244.9859687232,1066889.9067021203,385480.27984586783,181502.89074367678,435518.52810919937
6,3591739.923973768,1979353.5245319044,1800668.5313398512,826970.1860899506,542565.2972328765,1220526.2840418078
7,3795995.307221833,2087581.75323329,1839838.9556796541,779007.6082083059,501735.4629025104,1152238.207360997
8,2564475.5481468355,1230566.7457031612,1042327.2873076226,399665.91482897237,171583.01269839512,408871.500183843
9,1670738.2339448037,898592.9161658064,727596.8178844093,248459.89837193242,141995.15573943462,343791.38720930263
10,3460783.3940648288,1911726.1807757958,1683550.3940062984,744139.2289341277,481468.7366884691,1086514.1508869438
11,1847405.5321147365,1035412.4810512835,850526.2433795725,351912.55332436506,222194.12103433034,507567.3712153094
12,2460416.3964491347,1321664.3791898945,1151879.4667155542,481166.39104035165,293477.89029682305,673676.6283749429
13,2830094.203557461,1516299.9295201434,1292284.4760689866,503570.90795356326,301193.7039610173,706240.7148532645
14,2742374.0558451363,1379438.9361106846,1163676.5509233866,445760.7063621723,223502.13581279284,525433.8720868255
15,1763974.3979271515,777036.3446572243,707121.953337483,289322.7838793486,107184.38826975961,259312.32278193
16,2967164.2575897058,1559510.5115565697,1367042.9541489389,621657.327478488,363337.46734356903,812927.0081139517
17,2422406.252685121,1152356.4703602137,1004473.3189986079,414085.7450713713,185231.47859499697,432476.49389116245
18,3644740.0757406666,1932445.9735709545,1680519.3188307728,678119.76578016,403665.2341543351,940759.3828776508
19,2933139.3452072586,1518355.7946553084,1265197.6853138602,466168.20242468413,248684.28140895456,594817.8022063962
20,1537551.4874160783,831450.8049744073,690874.4804099229,269625.73092748586,161926.74292030864,366590.73962157004
21,1922898.1832615426,903348.9646474984,777261.0774097992,314977.1975463419,132828.7069711403,311638.405649106
22,2206462.082969542,1118586.593771455,954625.6990779527,363970.3787615925,188747.51387658663,449307.1193555936
23,1308996.5008265793,644676.9826185538,531005.8897110434,179503.23084857097,78887.94496665428,194215.18705532604
24,3846668.551312825,2126321.2190512833,1890332.5895828388,872771.3511151063,564849.2801301917,1260233.081642712
25,2579231.6153292214,1503021.8474340593,1258591.805082531,531828.4955046643,366484.12978708686,823452.0462939179
26,2559364.1376282256,1445985.126274687,1223312.5638436067,502207.63916785043,329806.1478657141,753955.3497831466
27,1805187.1428321064,909170.8388007124,731222.9890922384,230272.3010689403,104473.38265424191,263873.89997164736
28,1910426.7309460125,981380.9200677613,802579.2529567492,300989.14900308516,152421.57291717216,354217.85302253655
29,2251684.6357924715,1083126.2448789456,940104.5327287416,368215.4542754684,168530.9738510705,399633.23905486695
30,2314504.6150100664,1285607.1378747956,1010511.5799002264,376312.6392462808,224798.5682995267,516868.7352886609
31,2212389.505076928,1039045.0544571145,910616.1288991605,359841.0375963343,154439.5127068399,371373.7024180148
32,1814959.196268339,961611.950308835,768976.877867594,244627.91489160605,131820.6414369923,331366.67932463734
33,2790267.396711823,1458051.9636721888,1192700.6106241196,459489.3844322291,244840.5770856788,568210.9189390887
34,1794336.2802500376,918595.3050883416,779999.0820141145,308780.4528885237,164945.13387058035,381364.2420835816
35,3295308.976775857,1632595.6607931128,1367068.217868311,505721.7814955757,237142.63089286373,567312.3453099596
36,2560172.407756066,1277850.852587028,1040607.3309968882,364611.65816464135,165303.39486115778,403887.8756668943
37,1712819.0115675528,918863.9719393649,739006.046604436,257103.04087923246,145356.31810381578,348728.01447536354
38,2887429.5429357034,1542259.1600729397,1406032.2060387328,645014.0259223765,403275.2461789199,903026.6733223215
39,2238783.776487684,1170462.6594167044,965509.8934283674,347304.2866256915,188700.58878679035,454643.19895101286
40,2560813.3948576716,1332149.4855429532,1123770.5919147376,455529.54282094777,250724.73610528675,579692.8271647288
41,1567832.638808836,833450.0283150177,670596.5395443771,215788.16395518443,118633.68577730162,293930.6386271116
42,2563426.025647086,1216818.6683120846,1031819.595048354,369980.0317023947,149466.93795259428,373102.219867489
43,2427063.649837137,1206780.7827039217,1008504.2315312747,380555.7486999301,180878.02859464762,430956.9665537417
44,3289883.360176599,1764219.8945760357,1455038.0406113288,563349.3906179485,326326.05755963555,752396.1446028724
45,1724727.9057602556,912997.0379603185,705895.286970269,231701.75102300788,117620.8331508082,281980.3452453191
46,3815267.5867017903,1991462.801361197,1724535.526110068,695971.5038988994,397819.28615614277,927356.34889208
47,1995055.2555387134,972199.4230954013,800892.7101184729,264263.48457751377,110499.1627010219,279055.45563452743
48,2108110.2248145356,1094045.0236501163,862021.0729241441,259844.97070124288,125912.19619177151,320195.2246027466
49,1541914.5025970966,758395.2798203478,619379.2796681456,203125.02158754485,87523.45768629786,221200.1432825345
50,2619724.7445181445,1394053.8447373933,1173342.4621497255,485279.89339875476,280010.8350180269,641974.4368803885
51,3060440.2985644583,1880913.648779176,1629960.8334431623,730068.6075948572,547806.4069697607,1228173.7310349941
52,2618954.393368854,1319291.4733097984,1089122.4842078686,378365.07397398725,180838.8107472537,447306.0113540894
53,1621623.778095793,793274.5134075803,654715.2736737167,218832.9609656323,92960.50151540858,237498.05149740772
54,3153550.362994518,1625889.2124530398,1393612.2635342684,582313.1761008794,318399.47470479313,734823.7614670257
55,2070172.767752871,1060625.8445250862,876183.3532817813,298152.56317875936,150842.9309989972,373111.27883801464
56,2341501.2657814873,1163801.1090329157,1001483.3942659997,409268.9188286624,204832.03917598494,473386.4148029438
57,2345338.2892925385,1220900.4662585016,967444.362566852,295243.0342332773,145876.01959681435,368271.69038002845
58,1781775.0471695876,857871.312928179,717246.7233811358,244292.00714423336,99641.06419927142,253427.3104919803
59,2653400.5192085886,1457035.2697759846,1175850.8123002136,406518.464033137,245151.34553243092,583637.5505799317
60,3101108.414040376,1593463.1184217269,1386768.8670005773,585398.8915746461,323776.52500992134,739649.3293806484
61,3318216.8214716194,1714731.6420152271,1492482.532844653,619876.5118157283,347353.34865170566,807477.970507765
62,2776027.0894626384,1468467.8185120807,1258978.709392063,488400.6493988584,286260.3205120949,671742.7558812207
63,1710825.7958771773,894182.1804773462,728839.5687782846,293534.9819030536,155779.77657223112,356495.68222040706
64,1877466.2546396866,1099556.7644434418,957191.3527453311,424578.8103742621,299016.3635937072,670157.3239840139
65,2870609.3858907167,1617212.0231742363,1338115.6604642938,530581.0664686799,341438.5163098081,787501.6518211375
66,2486879.0859604874,1219799.4047961219,1024930.6798059689,368970.25051529333,167217.34399197996,409009.4029282711
67,2967512.9894888904,1603306.8752742915,1438097.4756263457,670332.7121443152,418806.6053268347,939388.2102206458
68,3190617.35828388,1803958.551426904,1504925.9945942846,563845.1976309153,372676.5885083468,870893.8361291233
69,2365633.847636069,1270078.7495220606,1025412.1909705374,355271.4837372378,201653.49586053425,484312.9049743476
70,2672079.395506467,1366558.6487706946,1168771.7270484732,449842.1924766543,240565.94722762637,570260.3846378037
71,2246137.7119050804,1122453.3895812922,1002700.8687771969,429862.4568616346,229922.19512362752,529617.1210281684
72,2125427.033970033,1088779.038637645,897404.0040921617,323225.2000863104,164196.79897912047,394351.4596694118
73,3208259.041238793,1640194.689853315,1376910.2783398908,520225.35762391886,270001.91412504565,643134.0154195676
74,1922230.0953241726,1084867.9699264702,870512.9779130591,355265.20550903946,223133.500132994,499663.11097252066
75,1695091.376539693,840042.3682268498,712703.9133846846,263669.45648825006,126408.46588819215,304443.1299349756
76,1799161.6028100953,875929.2249596163,720374.763362702,290120.5737964038,126079.30506841216,288638.94228293246
77,1511149.9661695447,794605.8891747374,618916.4636307163,191765.86921407896,95491.89255019528,235168.03939310802
78,1680715.590813823,929532.2572400449,784013.3753156746,301979.60372689954,192090.4504356507,447300.555431431
79,2039453.9793609716,1039162.5976677728,823370.7229391397,246063.62482703372,111062.95312568228,285904.82845835434
80,2885398.3526083375,1719173.7340815896,1457486.3352423576,638379.8719761699,455401.14028886874,1013546.4323619336
81,2308643.678912822,1258580.0369937704,1028605.1023010521,354796.3196818077,212922.87072414093,506113.9770269931
82,2226094.4892578344,1247975.8661047127,1061993.9927317468,441764.01003122533,287091.742224669,654430.056510883
83,4021841.47812541,2371932.8810792617,1979670.3549488068,819783.1544072736,575945.5492441456,1305099.4815747514
84,1881833.5145073982,931449.2704282309,793051.0805761442,293225.6868147979,141531.68579197125,344765.01828136947
85,2855688.6751824226,1496515.3108260345,1233773.1327475253,455074.8662286646,246997.41107350207,587198.9223529799
86,2685372.651658635,1352358.5510588863,1115647.2677371595,409479.54507429915,196820.82325771014,470835.959806958
87,2800413.941053966,1524560.764639983,1306745.9048811423,533477.5501813258,330247.56834932446,760447.8087812873
88,2583139.384280368,1514916.180090574,1245941.5969336277,523586.3994347915,358210.70121574507,807819.1815232299
89,2330658.6331408056,1166878.2619100793,1016591.9725647739,428540.4902290484,222837.54851387878,514868.47692521766
90,3037533.5497211353,1531540.3180398017,1309054.8790971607,498258.21087124135,256623.22009050017,610963.8663915576
91,1385819.5695021634,767080.8367195252,608401.0956795671,207321.83771476027,125627.69631694621,296678.2724222683
92,2918320.886527582,1415315.4274610968,1219381.891153248,463508.8807684616,215008.15264812086,513645.5497499094
93,1653663.1448156128,842773.4628200814,679040.9275654809,215565.04340802363,102363.02125426644,254069.80263139482
94,2240090.264403028,1088939.2833026224,922182.0587643437,330279.3084376643,146246.00079936674,366106.49918133445
95,2867220.5146104647,1582713.516292319,1377994.1128326203,609293.269405503,389583.5941595501,873284.4039808839
96,2675577.8275718163,1465916.9904176637,1220922.5079343833,493445.9015317476,301649.4561633594,684338.2604661189
97,3844499.5721321935,2220035.041390495,1920060.38926191,863754.1649373557,590416.3977990414,1314885.670424066
98,2490641.7988251317,1212936.02727292,1026291.82207094,399050.7784900568,181196.2097236461,424289.26414093655
99,1700992.0650922228,869412.2533859797,729670.3367648681,290430.437213704,151654.12983984122,348161.43425714487
100,2159588.1108616814,1136725.077748984,908097.6890047716,283565.9310656393,147506.7272508248,374861.87629736576
101,2844028.979947917,1539403.265726266,1415389.7105073638,694366.2672287035,441785.37127616786,977607.4340003137
102,2371998.745873531,1172267.2002000334,967553.6449082517,372616.62404175434,170137.60926687083,403226.82952236047
103,3080160.7521002055,1596665.5823465541,1324423.8164769872,478764.22996609984,253819.14287356206,611559.2979644282
104,2349293.9277091916,1131500.098955499,975728.6980524935,369660.60195440054,167126.22337155775,403573.58313972235
105,2611512.7513225437,1459261.7614129041,1273707.821326464,535114.5460761827,354003.63760697684,805801.6546533605
106,1579512.022081107,892922.9993255467,749806.2037026689,302935.3381725504,199587.84259934325,457207.92373049527
107,2580327.7155235168,1223129.817846701,1037825.0102936893,381677.1872815262,155762.90189761325,379015.7449122143
108,2654229.8076956,1343716.1747133215,1149552.614455467,447047.08673112013,232663.1708701335,552909.6558291598
109,2329882.5910347607,1225274.6682588512,1017785.7227971489,366018.11890339525,203591.63973607137,490157.8649834125
110,2172947.796419534,1094877.9665603663,901794.1380730219,306131.74210494646,145604.4018139482,363465.7950059418
111,2601445.4917074847,1392957.857569935,1124606.5680314244,383556.6947076259,215298.7567444432,520210.07644546154
112,2285693.8010548786,1416336.3782216825,1222428.6763563992,576751.1135540289,430446.8992613612,951675.9044845308
113,1622529.9707119176,841344.4595064925,659438.6984849296,193565.89403658526,91701.3610438756,238076.8134199088
114,2630407.3679314232,1396299.7082461044,1220960.054962142,542929.2546940522,323428.4371984223,725081.4149175767
115,2819683.1069404744,1509687.7843425972,1252970.7073640227,459685.07992306567,267640.9879961073,632524.2306281091
116,1899551.2832116508,860898.3904018909,781084.2124407616,322857.54103916546,134036.38433225246,315016.8006549384
117,3265569.7499482604,1881276.2973832248,1589863.6715050193,686994.4140676671,463011.63723771,1042159.3115312103
118,2142819.2026715614,1177099.1193555235,995254.7603443463,385309.3892237197,242150.32161015947,558097.8369633395
119,1822881.5336558332,1045192.7679811365,875294.5137092156,367839.9575806192,246895.31682970712,561993.149699793
120,1580728.2364362779,829636.7612595278,710869.8340563554,275652.8405018433,158059.96880549128,375806.8617043786
121,1713778.5460472545,928418.9893519994,751044.0912526129,263483.52579852566,154429.29623026607,360462.7210020696
122,1277202.7871276545,655483.0992383215,524259.2192290377,167697.81016068754,80834.58787831118,199102.5591531412
123,3039935.5287749693,1636820.2017077392,1423451.9401621053,582463.7122000607,358002.19490526855,826712.9197684501
124,2918640.8502244297,1580289.1239762292,1290408.0670156681,450691.94355031534,264566.65990279417,633528.1823084994
125,2821037.1137867584,1682349.8528446425,1480976.8487177838,676579.7004749738,489645.53760907915,1092610.715763714
126,1781871.2431090462,941480.5349618165,794690.5144845726,299496.16118074267,171959.45119382913,400695.6267544974
127,4085128.551452221,2169190.5367916385,1841996.534277042,768092.1357224649,445373.25574039813,1018292.754214579
128,2946820.278473282,1422593.0569908386,1209304.1902996472,441544.83321324305,193914.68695375824,475046.88508239074
129,1887202.9659119446,1037980.9572987063,842267.0613523631,310591.3411264466,187793.38195946862,445970.1172534198
130,2446608.4020358007,1329406.5388215706,1143399.7987386417,468277.24924770027,290279.91311677836,665084.4637996627
131,2413377.9054334415,1358122.5518749617,1194217.7128786247,511551.24394683534,343081.0870068369,778379.698081553
132,2799459.758710284,1653241.310811573,1399005.9586031013,608436.6920381777,427984.8172432359,956567.5642744056
133,2443765.609509334,1171942.2267797613,1025764.8992756162,397267.425069134,182655.18918104592,441057.5879589476
134,3699676.8218561104,2060430.8865290761,1811002.3641772717,810414.631163373,529853.6007042998,1187220.166421251
135,2657484.053386245,1274882.3423110964,1097187.6296382702,412681.2096708164,182629.99555519153,443166.0217637327
136,2956852.246931507,1779502.3635002542,1529583.2221549496,662351.2138683753,484614.3472173945,1094269.8887104315
137,2413765.5279105534,1260664.0272821186,1058915.2616755494,409616.7739154454,225414.3782152348,526422.9351363855
138,2983026.349167312,1764117.9220774912,1551825.844975749,701295.7309124484,501477.40442454326,1125251.270215214
139,2481789.1436840594,1192853.8440498777,1014477.5068707768,372650.97684893006,160837.99229377403,391574.7050467466
140,1895237.3240920953,986034.8579965164,815643.2775069794,288083.1192618874,153725.58180114743,373131.388870492
141,2294582.5872752634,1279557.531655332,1109781.4709207646,454032.12165692885,298253.4133376433,684151.4430073604
142,1929252.696503404,1007854.3404770686,801987.2212054407,249759.6483772833,126846.95504802144,320491.7588310724
143,1968061.4031900119,1076870.5764083052,951973.8485063084,422550.038536635,268943.1612755827,608211.7635213195
144,2162555.9315763144,1086372.1410422358,886217.4027956858,293034.7382684902,135283.0567855016,337786.0270699456
145,2278625.5990470895,1192605.577919939,1043031.9500511358,425579.50307051314,247135.24701725924,577826.399095744
146,2148744.2609310937,1076716.0755860277,892980.1572849439,313597.65765529533,148851.78982011796,364209.9769974976
147,1840951.23096513,948216.330713983,767739.5074533154,259305.55363879882,128860.85358392476,316844.06087526126
148,3384558.6179126543,1804669.5062030444,1543681.627036791,648223.9129064352,381912.3850223099,870041.728785283
149,1654747.1820072383,924686.9227094464,725913.4419407415,275054.6677245222,166316.06232777092,378083.8765288303
150,2062727.1804650947,1036273.6413528242,841121.1974217317,271393.47422666627,122031.33134532228,314288.2786297519
151,2065223.4867606405,1046299.8184615503,885594.6859345139,344098.78976656555,177614.75345866,409699.38168441266
152,2820190.485569025,1576085.748396676,1365124.9147776598,577413.936447497,377201.08613136027,865660.9328332369
153,3057962.282843589,1713673.554364511,1442160.0193907693,569941.5831807216,370812.9723419247,851719.6318358297
154,3260337.492544749,1762374.1439891357,1525384.4126609452,628564.6166554178,387084.4893935647,886842.0059231012
155,1965325.18089402,1040543.567742923,862432.4054640757,307702.53664885974,173605.31739265428,416192.24714503717
156,3058254.576592928,1728680.92294847,1404158.1761576226,529202.4778223041,340763.3012784394,789637.1960126472
157,2808392.057525888,1473730.5490924532,1290054.082153696,556376.7107379342,324073.70633756154,737054.6230877469
158,2592457.8059601947,1377929.3165934167,1211453.4827353533,529267.1457590064,318787.6620424579,716779.2811696995
159,3095284.382526542,1593034.3307639142,1373975.9054195553,545133.147145176,299108.7411597973,697597.9127401426
160,2277228.7511503645,1200999.9739204422,993560.7906111464,356196.37001884746,197147.15239639778,474913.0714204381
161,2647929.8320179023,1580136.8389756202,1348388.7353065165,568651.8270523994,411499.701331748,929091.3552897517
162,1733985.9462422403,924624.7294550851,728184.0231434078,228614.93810206302,121507.41270353574,304804.3369422365
163,1650330.3261885291,846043.6162062682,689070.2656143216,240735.831839955,119765.56519861777,292176.97589168197
164,1636330.4418698642,845438.5311319064,669302.1346410133,204565.56103282492,97468.72033899212,246292.2941307524
165,2161749.695920309,1050211.074569606,910634.1971541296,354530.2866572728,167444.97697932625,400563.6437407574
166,3188997.752683849,1757995.8454932799,1541014.216206906,660419.1852889996,424515.77978455764,963621.3653348513
167,2947070.8649355453,1552668.509291898,1328591.8380411644,536755.5687493678,309120.7147067645,712697.1570151441
168,1676600.3192342839,897801.9954273875,724256.6205424267,251680.8206411669,142140.52835981833,337464.14617879275
169,2731643.718838398,1503263.1862699275,1290408.0585018774,536438.1691936596,339603.3683990813,777925.6885473813
170,2334450.025237423,1231316.5874087235,1048537.136504133,422798.156156673,243382.2781127484,566107.8654754029
171,1167277.8123179853,588241.9049570011,492106.84759119316,173040.83992629984,85638.42643294985,209017.85699143115
172,1207224.234831362,594846.6349343007,554786.8118173734,271946.1255814266,148841.35799463917,329986.39255283197
173,2479085.695781558,1170996.1338276884,998193.3744082514,363527.1194033264,147641.4631672557,363349.51938561926
174,3003557.518295894,1617513.1999298118,1368534.2791243661,543832.6759882701,325639.2524246932,753118.0659560005
175,1982895.912013903,1096199.3571400975,942155.1784501611,429932.136104403,270952.4993108683,606187.8447744423
176,2168753.126325819,1177225.4956162747,930683.2827452446,292972.8731186059,166827.28262709946,413141.3266551671
177,2666593.359047486,1322430.3958295789,1093854.423067346,402552.5391672497,183964.64967012207,447602.70425281883
178,2210319.420324982,1151026.0520695772,940991.498858792,329474.4260056588,174386.66269387424,422322.9988225196
179,2437733.9066642006,1249399.9142149468,1091806.9498669123,452458.69068595214,249883.78210955672,577113.2832100847
180,2901692.4640469486,1678656.0178813657,1442806.9509391966,613523.6822172876,423834.9276798143,960946.5211271809
181,2210583.0662382324,1177415.3544085464,968901.5911508026,355726.18636668357,201983.7561575675,473638.9772775643
182,2451925.6140030185,1301953.7865899266,1123082.8873978269,481153.2370416936,284386.0860683086,649161.229319627
183,3300092.144884984,1906700.6920763229,1732329.6480939619,808326.9829984261,568149.5200564205,1273076.2241737377
184,2135834.6058234465,971172.998143484,849051.3088907759,318298.26798704476,117470.5737214341,295033.1267117941
185,3680821.4626149614,2028817.1012969324,1759384.2634257688,752385.198932731,480256.8630665584,1095732.0890754343
186,1886048.2116812433,898828.7736463085,810353.1519893552,335723.9418840812,160892.22652605653,382249.93281723274
187,2246006.6684572264,1269422.7627577768,1081028.520863172,434051.2319200603,288579.8553238938,660299.5463197359
188,2219448.5742322076,1194776.1036058564,1017970.1449567118,449398.70361769263,269021.78127579426,597847.8764817527
189,3012837.5560466247,1574571.1524355994,1326858.961354472,524879.6544727503,291715.09535712044,679197.6123631841
190,2102267.771975647,1036773.5685528559,848293.2043119769,276478.77921496046,118602.38855026003,302640.3767032925
191,2490166.068349594,1264418.8925791513,1002836.3753206778,332092.16114462324,150503.55067803853,374001.3057525777
192,1841685.5396339083,829293.0188134008,747097.1051346923,305454.26198643364,121507.23437975996,286747.73258766526
193,3096595.4716884987,1652837.20788729,1388378.077267733,539414.4132278406,315066.0119087738,735974.3332631224
194,1738319.287106215,904995.1914498354,744974.146809521,256477.17557919526,136501.2970052444,331421.3435419827
195,2216472.914649807,1233227.0997673948,1101272.4052231144,483568.2783787139,320821.07809404674,729138.8509293706
196,3423642.2339928984,1816390.3142943324,1568440.2878995896,675139.3487754106,396946.5539869607,899593.3063157625
197,2660516.877375291,1515130.3279006777,1341323.6405560721,621929.1328802166,421405.3283425898,936438.3742003898
198,1977814.4647436389,1041315.6494689647,883857.3853539506,337358.1202582752,193777.17620016684,452749.4166001934
199,2628208.3662391957,1480801.2787653652,1250751.8980702995,529407.0917489215,346019.16623887495,781934.9233805723
200,2863229.6095109037,1373433.246428735,1147065.7864587,394932.68817440775,160605.00732894105,401696.46329012676
201,2745437.720357615,1323043.8730104852,1110412.2637596747,395505.4207666,166633.833212563,408368.9123960437
202,3314446.214202246,1771190.7464884354,1470930.14743479,536041.3194407733,311101.7238856877,735628.2685782198
203,2546027.279593373,1276180.8885521253,1071195.9863537997,407007.2755136312,200624.37448557757,474276.641140042
204,1024194.4989642517,504540.3709651758,431125.0980663301,162837.82894219374,77877.69812471847,183675.80913437103
205,2642577.476630835,1557965.8477695582,1347929.3277082818,589076.7775381964,418744.5099073182,943870.6403207765
206,2562089.050993916,1430933.987332304,1181300.8831291562,437390.1494506166,280261.70955161756,656328.7172075384
207,3428022.443371812,1829836.7344965779,1619423.808174761,699230.0550639958,425716.7421754141,972493.4430624545
208,2900205.5303291073,1492560.3742085008,1255846.2598908406,482619.1738052717,256808.12533414338,607415.7945476505
209,3031825.699811643,1556498.3477666513,1347026.4567798353,540313.940438841,296754.6142873681,691852.3236806772
210,2724097.331310204,1385231.4588607233,1143728.7916478268,432983.60849348514,216126.01031191344,508798.86466098187
211,2083185.4044722237,1109119.4542930701,885428.1172429288,285075.87550205947,154893.14226920143,381576.0686682431
212,1600138.7957158366,817941.095204211,650351.8518940526,204923.56218028686,96213.61606902513,240685.29860712425
213,2713746.8945097243,1403780.7529003741,1259513.1829833277,576501.4529248034,334441.7083898005,750855.0194685033
214,1873309.649800268,980240.8348181641,770247.1586949683,228291.5050770666,112565.01378930209,293681.91856973275
215,2514703.424585106,1258369.438243402,1091692.18066743,450394.1305360463,233522.9512506145,537138.6520213077
216,2313805.5610738634,1167618.7224873742,1008470.1005923772,411243.84593059774,216916.72949998756,497785.59172663843
217,1833119.6825142119,853749.1319534639,735573.7102673501,311452.48219556507,129337.54600041956,296306.3627828494
218,2326465.0883394135,1240390.504796175,1009250.838958544,336385.9634611168,188078.1485812211,466139.32386684837
219,1740681.9432176177,888520.3136510807,729057.2396813503,247755.90316848733,123441.72186537072,301649.30646351824
220,3211068.803056766,1710994.178906773,1443073.8252217413,584953.2464785919,340302.53980012477,787019.1460062764
221,2359035.6644486375,1289465.2215827564,1035897.394545327,357451.961708453,211130.44555447393,502940.9371776674
222,2218755.6928941044,1113388.8247602438,981397.7232371671,422983.75722115795,225468.37940198422,520247.01415096817
223,3879923.236843634,2091236.2370653541,1786858.0033123875,693259.4817569681,421011.37451380864,983816.2769928598
224,2359607.3350974354,1199047.9011664498,1018118.020493517,389868.3149656716,202697.8406582685,484467.6198120519
225,2127286.1424184865,1003569.3482849818,885795.8176248693,350149.8432785301,154982.319446905,370346.57135190023
226,1770780.6480344513,918815.563967732,715320.0324267866,214317.1524059103,100994.84232468929,256545.6754989219
227,1965146.2669158464,949693.6884737621,786734.1749797424,264855.2871997855,109275.66442583063,273196.88665175054
228,1694855.556009547,876419.3652075009,756656.9335021325,308931.00878254627,171793.9528031525,397384.51077308366
229,3077314.6879056636,1700892.036796337,1486210.704730762,641613.6919228391,414081.39147805126,943994.8419245238
230,2292485.946383891,1188750.701480155,1042250.7181700711,422203.7287990306,240942.5938473909,563587.6003914514
231,3610226.2655480853,1871620.496147056,1626799.7910523154,672285.4196076504,379882.7121339406,877203.5022603124
232,2682464.753158508,1272812.864353715,1086468.0480076415,391191.5518598813,161153.0962990373,395070.10657684016
233,3641356.4465062344,1878777.3781486053,1626375.8857843261,651158.2343674187,361091.6545057777,848124.3333536217
234,3281618.376755511,1903723.4370715274,1639183.101706429,673354.4326014578,470681.1511377121,1078173.5418104772
235,3299045.910729297,1657695.6493664277,1357822.6379633273,484249.4536978743,227214.33581509604,553867.7343660821
236,2838439.954637122,1385373.4085025594,1187450.0801175255,461431.9433949012,215832.879082278,512289.05196797126
237,3099992.23301638,1486911.8464395597,1245315.896144594,428353.3854730861,174711.29803864204,441183.6359297821
238,2395596.1487932475,1249413.9862362717,1019648.6476879929,357114.34840233304,188361.6449777855,457005.0183840668
239,2335268.8928276654,1088176.2207136212,957741.9571255266,389494.54595730244,166786.8093272427,396390.77197363536
240,2296552.920757018,1305814.7910578814,1115274.202081819,452233.03359510814,304809.2209721618,701954.4503966526
241,2115688.8567263163,1104672.9373069163,923680.4031705662,346699.7306767317,189978.66442812863,454392.8479458518
242,1694877.17999487,858455.7828248466,727388.224606739,279607.73626557254,144546.527223859,345991.82103133
243,1861289.2600035665,950066.9826011806,753531.3434325334,249115.29260951298,116574.24432965287,284959.84618268895
244,2326843.120665511,1164343.6779802055,988413.1953099876,373709.6860088089,184857.39013244398,436413.38044475304
245,2984166.61592656,1589550.7792573401,1434253.443979853,647817.9172554477,399277.609532694,901981.1826844185
246,2521574.029154579,1280794.379225706,1079659.640761169,388256.2772972565,198642.73561087818,486145.1738370868
247,2051677.8361198436,1163029.915639423,963828.4836207429,370844.7735541297,244079.36619658928,562366.464408841
248,2120707.8093123618,1043321.4022300325,889134.8286436021,336243.370374748,159216.51415589717,383020.8817956756
249,1839633.1987811709,977568.430405029,823850.8640013844,319366.43767410907,185625.86656612312,432418.257963767
250,2484785.8405551086,1361872.3133186128,1111071.156179675,405815.72528545826,246156.40844895045,580019.1172066496
251,1461230.3437728018,796961.6347091116,650057.3530718031,291883.17692803073,171405.86728058208,375796.46912956843
252,2330346.083081587,1157447.9745279462,1024864.808339071,420846.0228131423,218250.80438561007,517058.0729256497
253,2709803.391241078,1486807.3603829434,1329517.9186982054,587579.5273745452,379187.7181724099,866685.0055072986
254,2007411.1176766714,925734.0477946596,827794.4517235596,339643.1849301983,144111.07367476297,346002.7889977292
255,4004693.784095286,2224226.951865505,1949391.0288543033,870545.5188623203,563846.1959139754,1268116.2205651524
256,2402260.7634673584,1319571.292947997,1085031.3701076247,402326.8956790907,246478.02894536848,576795.9061806601
257,2657083.7077685357,1333327.74660499,1154538.6692180543,453462.5883429665,235023.4557652169,555970.4268818724
258,2323776.9032910867,1165187.2425743835,972281.9914735395,380736.32336957083,186515.85031407812,438356.27994912775
259,2107049.726629212,1177822.529110039,981689.9040349061,370741.2913500431,239454.5714927141,564569.3953044054
260,1808572.8846897855,945087.391446214,805187.274572318,311631.13469282014,176731.4341665056,411546.68563535047
261,3392123.7197411456,1777654.9438230775,1471568.5134879341,549438.256963593,299495.224800734,711046.8994730536
262,2038467.52928405,940575.914828187,833238.091420869,325824.3838035127,133469.7965894041,326404.9030971139
263,2815532.7091654907,1563135.5376304837,1343948.8358170958,585604.5776214291,374999.8974336797,842620.630907316
264,2177408.3795060767,1180550.4871923418,983934.5461031321,371641.7769681221,221784.9972904689,523119.38654061046
265,2130557.4281609585,1062704.1465535215,868816.4195225829,293056.9649841851,132046.5643781895,330790.2478230689
266,1570101.0944922536,708353.1043126181,627796.4777671549,244401.9834712597,91803.238998969,225469.5817544113
267,3384709.160779473,1716836.6521532508,1468881.1684784545,571979.3289386644,299748.2005199029,707512.5762681974
268,2370812.437329192,1209458.4279693612,1046550.7153688,415854.4201416083,223597.2343015683,528126.6704765689
269,2502763.142158493,1371724.5606328915,1184074.9233769414,518894.89268855215,326354.1189171356,731967.8206214844
270,1823999.5214892067,1005789.2378766721,814887.2615379022,308653.9215337231,186973.76327919794,433873.3402742618
271,2850087.5840159757,1413788.0385823504,1156147.3399216891,451544.27792089095,205911.81360217265,484875.0201896506
272,2754459.4704386024,1553309.1318798624,1364387.554851561,645940.5278730923,426063.706611742,940344.5081866538
273,2308517.379709452,1182817.8231108536,1032240.1456475826,410606.75377404457,225436.88332769673,534751.2114778107
274,2424043.387005729,1170415.3239096568,1021612.7725533703,394729.6064354224,183770.6547403533,439524.37295593455
275,2204382.634305467,1132790.014497139,922520.4028709445,313337.2047566832,157622.06989475086,385304.2879729118
276,2606435.2126838164,1480479.1281370092,1238616.5632012966,519097.28305227455,341063.89234044147,768453.0907361539
277,2468840.014730749,1274387.8999755704,1100573.4497089044,445778.1655455307,248073.280372759,578453.2169500502
278,2798245.1930548553,1343196.2892159272,1162382.6026457923,441574.4877415983,198775.08076421756,484787.69238601153
279,2121580.1566141103,1072631.1814223719,900467.017200632,325368.31580632436,162942.91305932376,397857.24422784965
280,2277599.0297859143,1179648.885000239,985524.8648506294,360831.3695688414,193945.91670984644,456767.7275071273
281,3243466.9195213947,1813934.3848765583,1644521.2740502856,771682.746345226,514446.0088185006,1148796.6808364792
282,2885267.1916924473,1636490.8275792752,1391384.6369273905,585463.001934075,388233.2164105387,877774.037838506
283,2402711.813866657,1272679.6104655256,1085472.3672136336,420178.88237892225,245726.22775832796,577834.6282722778
284,2059548.932821794,1000805.9405534997,847237.1141025742,325786.9885037857,146705.58076152782,344848.252368478
285,1996657.91053553,1063062.4662724596,935832.623938445,399953.2079468021,241468.3292887945,553389.9470418282
286,2339789.507111125,1310977.4285445916,1075588.2038648974,440239.0920965963,277641.69804652216,629535.0520124679
287,2175330.8567596017,1111661.8666262962,883643.3617584619,264064.3702660842,119548.50272016328,314384.8004228715
288,2371276.474409854,1218685.0587906833,1002569.7995979848,350975.16420367814,179031.50506997138,429527.2173624109
289,2970253.657705418,1649572.668839015,1407892.8219358388,590870.7423157966,378142.8870970697,860953.8111827249
290,2273385.802036327,1197462.3390859412,1087235.7495201745,487794.75628683035,297745.07457142364,673800.1696290786
291,2727388.155651766,1351047.4988568195,1133572.7330734737,456420.3470544818,216457.54142546724,502231.2161899326
292,2336108.3165969355,1294713.3887439638,1067408.4283529613,398323.36484738166,249607.07288216482,579780.7485942838
293,1053099.5818477506,533557.0665738586,426770.65027679934,131255.42912655286,60359.38539462621,153150.04950868228
294,2055674.743686324,1014565.1584781697,833535.2690250727,319291.7984594081,144475.1772156386,334959.8761976928
295,2415025.8491674713,1201917.0842266881,992870.5971801014,338755.40945972234,154364.9824570568,379835.39846415503
296,3992518.438932299,2224321.485940026,1991442.4591250431,886760.6021908342,586514.5594586893,1334860.906130708
297,2319338.414122856,1090529.2647694503,934717.0466134942,343857.79356301576,137626.6612540481,344638.07080010866
298,2440595.0387833845,1166512.6811518837,987590.1376547604,390556.33613518823,167234.34498410986,393025.0786224227
299,2036412.4836860725,1212631.3965838826,1078713.0161619831,507046.929715593,366873.643731235,810790.4729957433
300,1785590.2592097777,904789.2108459137,724442.7760923618,224301.49659839502,102384.38626595019,260477.44364307958
301,1964789.5813350729,1074271.2143655291,876383.2547235333,322647.5342294166,193155.00215877974,456972.1678189504
302,1797573.957204947,995624.6146113304,867710.9598121832,375097.91017232515,243049.04086499303,548306.6931527484
303,2274985.0753780664,1127470.5540028512,978807.5981090929,386583.1044854001,193901.38321626923,462502.3336398383
304,2213708.8196386625,1145623.467562571,909035.3609192162,298619.54082976596,144820.76947294245,352575.6180791945
305,2530651.9884823,1439396.7259870311,1231090.671988447,518716.1105345281,347097.37239932874,794462.1488511604
306,2093883.104742537,990167.7031296244,851862.6325563438,309808.7894205831,128041.60583269906,318876.10713690403
307,1871708.234904658,880366.8932796337,762425.5292377692,296761.8095709947,125156.12838711267,302767.2776953393
308,2200274.9278104925,1211460.6709346725,987952.0947434206,395054.311197699,239421.36986237412,548801.9666642902
309,2131634.06617382,1131206.097599589,965969.3990488177,370655.2267567839,216545.00431145416,510472.0351345102
310,2601427.254800203,1266871.0182741317,1056389.5417487633,372453.962607036,160972.1045657232,401940.45451155514
311,3769705.0561033045,2003923.5583678454,1741041.717566384,699358.3605285623,417502.3382869948,977110.5025818123
312,2373177.443078219,1118959.9749736662,958756.2467297338,361430.77864993864,148681.4623039174,361587.81127149216
313,2200291.282324374,1064898.0128991036,940881.1674288368,385665.30724353046,185888.96575639088,434794.2948044697
314,2156139.6556040407,1135994.0289565912,919986.1876131163,327121.8386211804,176071.6792555295,420663.19563422585
315,3584080.6031378233,1824243.4993094988,1525144.2064956941,571379.1267619508,291815.521106908,693686.0400417009
316,2806390.354709101,1518949.4151929012,1340447.0870297295,601625.8976028991,374485.91960371664,841709.9768042527
317,3590324.4395002574,1899534.9835097035,1581467.907910875,606263.4521755344,341816.7882768744,797200.3220844865
318,1654047.9967714953,865077.6087677778,695687.4790001834,231502.90168497336,119844.91066650755,297998.69580743223
319,1721703.2207594092,859083.5927522893,740425.8464589041,287544.2909707509,146395.53133440478,340840.2565184553
320,3412776.4793089847,1804575.7669255729,1562661.6172061763,627806.2066135348,369626.9272000572,864645.4624102756
321,2341398.2440787763,1356861.5435914644,1145014.1948365187,449134.2398156882,311667.980436075,722713.9540492776
322,2293795.3461686,1262110.620213881,1083887.8918435534,461475.8715149061,291871.6841598697,661226.4347256316
323,1758397.1795254813,912586.1984966835,805575.7782977698,338673.94711702154,195074.51007985373,454700.08142719883
324,3088900.5657342314,1754210.3366886654,1449777.6173329477,576268.1402734915,378680.6518237412,866107.4669197035
325,3253190.422384387,1818028.2562963658,1619675.440259005,737746.4317189165,487110.07931449387,1093421.6352372428
326,2302988.610484781,1198600.90299073,1081944.4594960643,467947.17690539546,276195.12715825054,633988.0511972312
327,2955650.6106266114,1772229.5351859296,1539187.130490198,683414.6997425543,498794.15787584917,1119471.2677450187
328,2956951.7984236996,1635505.5757855691,1466782.048291949,671033.3644491711,437981.9647999211,986608.5336773748
329,2926957.230252112,1585774.6463672635,1328159.0678189155,520800.4200145137,312990.8691223893,724775.5223144797
330,2409533.403293475,1217359.6128278507,1065851.7300934487,435793.4783409817,232502.2363128414,542561.1780744048
331,2662957.4101627045,1301558.7929194274,1114505.9823265525,436368.89988111076,206017.88615545814,484805.4127199208
332,2894645.24655358,1479957.8455696846,1297889.4535808736,526477.6160295828,290861.72903152794,683919.3851608941
333,2413836.045660385,1203300.7969635811,1054443.6550291383,436305.0268211542,227117.8432383624,523662.88369700534
334,3212395.9548138073,1658780.2475114462,1433849.0840522854,585474.4771535607,325046.06046543084,752982.8919094017
335,3277217.8828113824,1785003.1925621647,1600505.7642216366,746115.80760549,473361.45852476073,1055809.0468198445
336,2473510.5592269786,1260902.877955721,1065206.421250982,396312.20262455306,207237.19749553202,493399.91100317665
337,2607921.8392452756,1450732.3238794866,1242663.9116250505,540087.8164497018,345607.0065763247,780569.8095886772
338,2421192.743269513,1184512.3833093564,983223.6649181253,343383.4361989788,149874.44777639626,369260.51349830686
339,1831252.8195437388,876789.9133785728,757157.8410278981,285425.2355791191,126497.45946682082,304672.72475488245
340,1895511.4355214913,1005061.3337601549,824537.0245966264,289872.0719688927,163090.0513015338,393543.79157522105
341,2000996.7230762057,983430.2029422328,843368.3441969696,315423.44239173137,151659.57023802368,367730.3750592663
342,1974515.5149010383,1082219.4893449654,898619.255797759,333601.73526034993,206354.91259408047,483035.8915231349
343,2733894.040781228,1319069.5444392085,1093779.3808784946,396896.48408493545,164131.14102959554,401485.0811636606
344,2272135.2949910527,1143143.4969204566,949592.0316278001,333562.2552283232,161150.10697632883,396673.06039059954
345,1664039.077191773,805010.1650699397,672624.7216883174,296447.84383076365,133680.03090092418,293281.6165742945
346,2249859.288465801,1213201.1031899622,995973.6257253459,360765.2598049211,210622.2696516533,495830.2810429509
347,2609651.93437099,1389052.2845499502,1205534.631148261,490237.1255091401,293766.0067183552,677045.328834972
348,2879049.4348558155,1724359.7605112267,1472377.207964793,637033.4527663789,461710.4523949608,1039049.6182547036
349,2799463.618319334,1556718.6466531877,1314830.4874664221,524392.5014975793,335612.4261351446,772254.7122058332
350,1577730.7860752463,782987.2469832326,640558.1578318545,207462.12159804336,90709.09680417378,231579.9578957309
351,3693845.204884306,1973710.2894737467,1711673.3421872365,748864.3340626609,447981.1814161578,1017654.3216395752
352,2655207.398603046,1300910.1961461054,1123343.1645025227,433273.3823173659,207575.773527438,498680.5364031882
353,2119931.958932735,1127153.8122603714,893217.9360898031,294067.21228667424,157529.8800107034,383039.89544272097
354,3005256.3364593014,1644669.1894425405,1367389.7284649627,543271.6970486457,331067.3721474967,760183.0329081754
355,2056990.656724465,1060344.2427888338,899495.7599116473,336001.5019501392,180946.61928087802,431012.67668232037
356,2696754.6516426583,1418754.6593381625,1202910.6906832345,458096.84118014923,260143.25531623352,616716.3200072782
357,1558389.020660207,800666.4967259528,638045.6077887857,207541.9936373534,98897.98149753845,245176.85403206424
358,2612408.2494750987,1345386.935542649,1132611.3318613402,426752.3235928386,227413.8236145647,534535.4948531513
359,2558724.3494833554,1354245.1055109112,1144734.7498651429,439346.1570503744,252192.57537147915,587717.2115245711
360,2203875.930511937,1083120.2385229452,922688.3591238712,376363.38283334876,180029.61049238805,414997.36271359643
361,4328885.054283462,2354727.551267295,2066602.512520815,884801.8706839758,555539.7754764713,1266809.1025544167
362,3447704.901469949,1966113.9285839843,1694044.4483706183,754228.1966213743,504209.47938286624,1131177.722733536
363,3209013.5597794116,1789278.863788596,1561754.0618390106,701655.2162949126,455811.92306069366,1022161.4568976013
364,2680742.906265774,1439067.1711666964,1261275.459844745,559308.9894638241,341535.34693222406,769071.276711199
365,1889182.6864379041,957861.3051858238,798974.9349801056,285669.67813616124,143675.83727057977,347380.3245375203
366,1563103.9125346416,792725.3014832257,643217.4226676159,211328.6905414954,99345.61498988661,246245.65048442743
367,1489058.3774065909,747311.1184301785,620430.6825378365,232630.0942702833,112840.57214405037,266670.9103826357
368,2110991.3847210077,1130667.6919652943,919866.5636592455,319754.8376707835,181936.03345322915,432773.88286886085
369,2084075.1373874266,1138811.3712834686,940259.0587704307,355738.6537350074,215395.3092727171,499607.0963451974
370,2950982.472773523,1451439.998165939,1229632.723711783,451691.843158266,210971.8789956706,511502.96388461196
371,3779667.080804767,2084829.5622930895,1805576.6102759314,786660.8831190447,500128.3597761377,1136440.14088162
372,1531999.8704404465,807450.0610850183,637785.1467498032,197806.7204069595,102588.41845032288,256789.44500989502
373,1478212.0351805277,762835.960573624,602660.3121619296,185665.35001835664,89506.67276532554,224463.62365491522
374,2742915.6910737413,1489499.0699488444,1223729.904434256,475452.91443843796,281351.7306937659,650546.3655468125
375,2564677.184400047,1230102.9355904132,1034390.4969077673,360750.1135204479,149009.8115645847,375967.392761378
376,1671993.7449978346,852891.313782461,696767.9570367957,237589.99297444327,117770.25053537132,287390.51911001274
377,2227022.0293496205,1222673.7358444277,1022271.6639235001,380747.1411335272,236700.42032188797,562497.0855398742
378,1646041.9995642405,854418.5667013171,725037.8166992435,277935.6815990754,152894.747986956,357814.83013203257
379,1622348.7004632899,858749.2828637592,682303.611555309,215409.01598333384,114924.86343195842,283516.437266688
380,2310799.9262107215,1191502.3506397617,979700.3509814023,350563.6563770424,181242.53242431514,434268.8793199578
381,2073879.9619992962,1058275.2540304556,865158.2762740575,322790.2649164064,160819.69646696828,384211.89279967354
382,2210982.517878744,1181756.789492449,976520.4177779217,352395.85870804056,203827.46555534672,480871.0299520486
383,1462828.8935786393,764750.4792413563,606946.5419443038,187172.5862581744,94771.67341783246,237305.6828189718
384,1411389.586021855,681658.7682526137,621047.0841563374,278532.9413980289,141852.4699852382,321594.7505686323
385,2841993.2194599267,1423768.3072868488,1254527.8201360626,508466.76047914824,267381.05860860186,629140.9178575078
386,2662090.905587447,1337075.7196511908,1176064.310293453,475552.9066214355,252449.16641262476,590781.8641610907
387,2510670.558661612,1189996.4350870443,1044380.3614783825,407154.8428392436,181317.60209973095,436529.9106909106
388,1992336.0930805765,1151782.9844301655,978431.9069336008,403311.7068197147,277404.65435577324,629366.1338584438
389,3551336.2210858213,1894077.562624941,1658225.4388690137,723254.40173263,434307.91161498195,985887.9871351726
390,2618986.305543392,1385173.939422149,1185306.6087759496,489975.8238585051,284580.81796885957,647836.127980642
391,2242800.3004379747,1108356.610983296,902327.4720110628,321357.37560871814,140806.12170226846,339048.99466675817
392,2951264.24578581,1774289.040155672,1568151.025422673,724861.513125341,529668.419698534,1181168.826021257
393,1619846.3265645348,813054.1149588847,674347.5872283545,229186.34814616945,109967.75820096808,270527.46422243956
394,2338257.4066239623,1105046.6791300497,940608.4313595656,339128.02718277264,136982.43116997165,335503.4249104707
395,2371885.999988892,1347686.4646254962,1189918.8394760112,543735.006073334,366445.3553028178,819459.3682405585
396,2525804.127459193,1313043.130868856,1151672.2593518826,495916.991864499,284552.0045163992,645100.6846533112
397,1509100.8214813073,766442.2970180783,617971.913344616,205425.29311209114,96761.30203458836,242215.66700730074
398,2767639.055515502,1513365.422736214,1210752.184676117,430041.4438654268,252002.5928422384,597240.5725809433
399,2843766.8228297685,1747982.2158225256,1494610.8798261287,690078.5840777307,509935.8204539,1130551.722278354
400,2749418.52666183,1429115.6116762457,1181208.487410031,428227.57458595606,229083.80763006545,543663.9246220354
401,2337650.0319427857,1259857.7738774118,1129160.4580846895,528166.9498624447,328618.5236692512,733903.6976330195
402,2725154.568702792,1349340.6961375165,1183813.223076376,494540.931441548,252925.2312009826,586640.8690114474
403,1626666.6557689763,781451.6566623324,665394.332082957,241182.83999637346,104098.55496948888,251821.44570016128
404,2080464.8817412436,1010537.0535084123,849494.7547736701,303262.3435032754,132250.57652706958,324043.17724276695
405,2215417.146936399,1264104.4903601245,1070025.2022084545,424737.3405800754,287107.0981036058,659222.968178299
406,2409488.818306631,1185092.470450397,993024.9161690804,377773.87729132385,173101.99185614937,413335.80439897534
407,2989088.9323076564,1561977.7528936237,1333052.3233649528,532818.2768281207,299825.55744029226,700427.6811868697
408,2228385.4904884635,1233070.3390320167,1012138.697065326,366612.29195336526,229707.42402998,542116.8524554654
409,2594540.526390802,1299839.8131072742,1137149.5302250183,458579.2957082116,240982.40002542757,558969.7599075509
410,2656703.8476282647,1342147.5846682116,1153931.3598985032,454902.82283020637,237330.39566060103,561080.9544301418
411,1775347.27640259,914126.0956430825,719725.6670947934,213289.07024776726,99225.7491873638,253581.6017432667
412,2438025.5045170723,1160563.4468468428,1019268.4728723841,402490.71410070825,181938.8082071948,438966.11307842453
413,3450971.964266416,1894631.4099560834,1619311.4185006598,668705.7896925452,419451.85538901284,958693.4294404229
414,2342838.4932338945,1223066.9844293152,1011875.5746892177,365314.3519518557,197965.04786291887,474043.982310357
415,2090829.6105979802,1094752.935070273,882655.0344607676,296192.78730995266,154655.56601759073,377361.30599890545
416,2320213.700882451,1089846.7171911204,926379.5929312853,329940.1309966042,129045.78249077521,322517.99012465467
417,2380523.623647522,1161494.0398572744,1003599.7778729767,432884.588071382,208526.7485074511,474543.77892373863
418,3335685.8222539574,1704722.6780458237,1483252.0284809484,582295.5977014501,316927.58358050697,754715.6437719824
419,2614900.7642554496,1399943.7277616127,1232794.7465933023,540437.8016196138,328895.2780608868,745784.737937088
420,2047194.1645822842,1124495.8682639534,939054.8292162237,382848.2272673441,236932.81743634128,542194.8524417824
421,1141398.2883660998,565297.7576569379,462443.4925240993,155665.44771448965,68734.24515271519,174127.89571803747
422,3521475.3416186026,2048969.8553055043,1785774.506287442,802804.7717282876,557810.5819289909,1253214.2040636858
423,2163583.386661674,1239883.9577609946,1041171.8149843796,397693.99972959945,270205.00659565924,630273.6326327223
424,2484331.2525843456,1291044.3308941824,1045845.383650978,403407.43552207376,208837.43721668233,485783.7081104581
425,1613583.307378865,799562.1863279627,681565.5109420435,251631.35724346832,122291.01114878291,292968.1051721375
426,1545107.8422669887,826661.1635330018,693625.9281891069,283228.7857121112,166687.45815964535,380553.55471704056
427,2064724.629954528,999307.1540986589,830718.1610295945,278598.88675915217,114770.40864155727,298523.6541718008
428,2548200.0828710254,1375839.9229459437,1127328.6879938252,445327.0191509185,257802.94381023673,592016.351739189
429,1527532.745278889,752899.894364036,625162.2810208588,219055.61998301774,99289.80843710946,238662.8818220276
430,1931818.2133081376,1032434.9167278598,845887.0888532402,302592.13694100577,172988.00775341692,410008.06454130047
431,2253579.081115072,1130576.4575143524,907281.1202566501,324387.2504033174,145790.86947690547,353991.9756300309
432,2187206.854442039,1105751.6615227314,951998.3508912143,398364.99404071894,209732.09352484238,477581.9781847651
433,1527162.2043121932,784549.5750877527,673718.6972633133,260793.21716819832,142147.32470442346,331033.69442010997
434,2740289.653151621,1543712.4376089382,1270770.3551523117,516417.7379939916,331646.7021274203,748885.1253688171
435,1702943.3672994573,872773.7755770448,688357.3107241739,242273.6146488701,115260.55798387215,268187.63961407944
436,2763118.996769821,1394849.1156713876,1176543.7096578171,434502.8169602384,217870.19498242196,526272.696739296
437,2412528.4464264815,1145423.3001750347,973181.7155789214,361645.84762648126,150656.66493983445,364028.5939592548
438,2347508.6423019087,1231337.9991649734,1016193.497495761,369361.0827810892,202289.95851534026,479084.6304544485
439,3440952.2664340073,1808186.9616074045,1523726.2186821832,614681.9666551087,345315.5494440055,794568.1779940379
440,4047829.874654836,2103069.5943039195,1775652.9878825687,703150.2958285812,385104.5515205607,897548.6115770513
441,2020586.8846984745,1071220.4419723728,935447.990795474,391667.1306452743,232808.61506487726,538623.7401973946
442,2612102.328064327,1328243.293961783,1089889.1440382763,374281.1579918857,183782.8386342521,448699.12192766246
443,2833849.079913381,1403752.1617365794,1164455.66783972,431980.08079234674,198275.04740018141,477782.1258437586
444,2947927.423703645,1544646.2638176605,1349895.768843466,566367.521374319,328561.81451842876,756006.9602916096
445,2392479.4656985146,1163233.8136614552,989635.236847233,387510.79613653134,178008.24384790385,422541.4118133115
446,2149886.6078346097,987448.483176056,855007.6209553762,328223.75710615265,126062.10897982371,300790.4874367504
447,2571230.4619518775,1304598.0393062916,1095615.74711599,409879.91097478813,208931.78894415274,499380.217869066
448,2588053.3252353244,1359148.8988376008,1143886.9486652038,425824.1996911123,240096.53202861123,567042.2478792185
449,2190354.996822862,1208248.5630674774,1017442.8826366176,393243.19312011317,248897.6639252338,574516.922505052
450,2868892.036201128,1563319.5698988452,1388713.8825262825,635403.791303373,401584.18141190597,901947.7481966952
451,2494704.437898726,1383995.4130013597,1184970.3882080521,512502.3796454898,325665.89664796105,736985.4494780228
452,2295247.78191655,1170089.3968541676,1006579.7050837278,423952.406842645,228431.19331911957,520146.4971772243
453,2389949.2413130566,1183936.246981337,972777.7970195073,323573.177520106,142815.58813245443,356815.84805714287
454,2742127.699528046,1431552.7359760588,1230382.6524330424,523389.0942246855,296064.2588731931,671127.9236314552
455,1928056.2417577684,1016841.349377378,821072.2210339464,285531.8857656068,154696.09644586014,374278.9900815738
456,2621380.6155460044,1433077.8869687403,1219632.8978958938,485058.37292719714,301722.51803437923,700752.927990893
457,2992829.9758910923,1604188.7531541062,1286339.8310605718,446785.7848584961,247759.75447993915,597173.9361317466
458,2414654.4062094553,1209674.9511758005,1085032.5398990058,473492.9613866568,256199.42831179523,587042.320702249
459,2467185.505798366,1237422.725868134,1087082.6258810356,452150.456443195,239763.20941308644,551587.9236984601
460,1345962.5733760078,653178.1409631495,542462.8405444049,180079.5878752388,74774.66213050477,194418.11760940513
461,2164996.280966311,1068440.17048283,892748.3228390036,317296.96418854303,145801.40920043568,355353.8630924435
462,3408759.7863869304,1919544.1343482453,1637196.2409730824,677149.4376854227,445448.46665023733,1016465.3496812778
463,2454133.521857024,1320824.0086426723,1116101.6943897677,424734.95062932424,254795.07306202242,593919.8317525333
464,3098728.539470805,1630315.9688455677,1447027.449554,652212.158146374,387152.5626064653,874515.6497409565
465,1450541.2515580687,666554.959147167,586856.1571459165,228353.34540188947,91050.49555886498,221915.86194199012
466,2908892.020142149,1398645.0583750824,1187228.3225754574,451752.3910999358,196373.7193430504,471982.1231025993
467,2463055.4305218854,1255296.5657578509,1058503.962309499,405039.19549535605,210684.61042378124,502445.3101135691
468,2522394.8467831505,1274907.8270578387,1147228.956366381,522523.00803956884,288666.3030471384,652376.9539331769
469,1864392.4784591165,935373.0482353154,783752.9900015482,293357.2309282147,143283.5817866776,340976.5967855781
470,1709082.985786836,825608.3052932154,710269.6172163013,276431.86609678867,126447.30793913675,300480.4490568036
471,2374827.943153583,1293200.1221277937,1092275.6870127919,414512.1186038246,255029.32105091715,599453.7900932593
472,2157751.187747869,1118172.503854812,914225.2557559629,355264.3618107594,185299.88189053076,429703.4703834442
473,2940881.9767878302,1479644.8364545468,1281325.576725047,495727.64759991464,258826.32254920783,616157.8817600189
474,2567852.799350338,1207982.7511961225,1027460.0282749167,360893.3769177551,140518.6770926599,360250.28845376306
475,1845704.9386230437,933768.4085558559,764658.6198101711,251306.9976328263,119151.53465121759,304608.51596892194
476,3842636.589508707,2132285.097655377,1851207.8091344172,803241.4676805324,518271.9737684544,1174186.9337687285
477,1970897.8529236391,994280.0092344465,837669.3146960888,306756.67968761694,153196.31348142165,369009.2424455802
478,1743264.9329434023,858724.2735311668,767934.9356597798,336416.31162963604,174977.22274532664,397895.8856198683
479,2822314.8216412086,1582684.8851023763,1344850.154990345,530456.7717136949,347025.1068496429,800413.4476233259
480,3218529.0623677666,1766478.611140668,1534909.415487869,637641.107098546,406628.11058383906,930833.4316729684
481,1784143.2712155017,871376.359183197,746532.5814993244,279016.58524501324,130896.50934289358,310075.2432489009
482,2245567.6407498256,1269474.6681309491,1120268.4581855698,489686.68518704514,331443.29054403293,747204.253246149
483,3005842.923258816,1596956.2413472668,1391901.040547314,617751.1568896292,366981.6928119687,826554.3682695009
484,2102278.711622154,1045258.2986909567,932837.6022948928,393793.6519396317,208736.7927453617,482873.6961951325
485,2664858.85246329,1296838.9689834404,1073305.8580106783,357897.127010611,149171.69695971537,378617.04709519265
486,2869083.3457521847,1424444.4749211203,1258407.445663816,521700.94729411544,270259.2649206297,630293.7450724611
487,1558032.5497016995,791619.6750120895,630262.256747469,199099.83286538697,91300.75107151842,231412.21756184517
488,2561413.014631843,1266409.6400037985,1053180.159139374,422984.4157719739,197018.49372654356,459999.0854902706
489,2197135.865179953,1079236.7146237271,880970.6469885773,285552.4256210563,120353.77558089414,305575.90231422905
490,2596957.650724375,1344513.4577276022,1082207.576849057,371267.45653618,187553.48855655687,454476.28768747806
491,2550454.720307196,1367289.8122888173,1171612.72515558,464371.8824134205,278655.83291677554,652785.0445714716
492,1994780.7335526333,1025336.5084192825,860332.5652002537,332009.15396415297,176766.87689919796,415946.25916983344
493,1960087.6527587837,913656.5077109494,786385.7063781595,284104.9804591513,110620.4733087345,281548.9061148195
494,2666587.7137551857,1269581.877736347,1075587.5116544333,380761.6026099026,154998.29093015692,388881.83353828377
495,2836433.9040413154,1492698.8493187504,1301629.923415314,529432.0114428976,310935.01204766904,716582.7844848786
496,1284373.852126633,692891.2125817848,568729.4877120901,199500.74028344534,118244.17079957426,281440.0523138663
497,2078875.6511083527,1049400.3902979414,883057.221478287,336032.34222294437,168650.23068750638,399667.35564563546
498,2949646.2433220744,1734133.1736830028,1572149.269372262,769146.4986918444,546797.5277501254,1209792.0652340834
499,2152719.8827803074,1102176.982832855,894956.4014719595,295146.1205647588,143908.47629225918,353894.47284671746
500,2356145.5302840895,1129612.4919955605,946274.9037678213,379201.21344262874,161313.91850458077,377889.1490175678
501,2018236.5818491941,965031.2975753103,810332.7988092937,282102.6025354173,115042.57952015194,284332.9498472575
502,2079343.4307647725,1087850.1400803255,896374.6026115799,313200.28155442316,168432.81932297559,408205.374892356
503,2267923.08835079,1132674.7566951462,954625.052713069,348659.56519020174,169289.49895086425,410285.7244626754
504,2777325.169798472,1408798.9495864413,1270786.280067255,541728.1207360586,303457.00457110774,704418.9690368046
505,1854896.0996297677,1007614.6441311506,888792.9924664305,380591.4206790878,240732.6224706158,552701.2697022943
506,2884020.19659627,1566331.5934326511,1427153.3211031784,692932.8129794311,440197.7680453825,976799.7472216706
507,3198829.7228080886,1772007.4162745932,1538622.4471221024,685995.5059618986,439861.06521755294,987706.6921097313
508,3238370.1212411467,1745100.6284264436,1511464.2703848416,629642.7083782245,385341.4014269449,886681.1787724891
509,2679383.401879159,1343149.2389697195,1147685.7390595672,432375.7633110507,217965.8792770909,521293.51485738007
510,1748910.1321496472,987419.0451675331,797906.4660096188,315426.8874060122,200676.9609227737,459009.60857276403
511,3792870.137000454,2102397.6385358097,1842475.8821642057,797804.8747406,516900.515817196,1178062.9972832573
