real_name,DRF,DRP,DWC,LCF,gfDWC,gfEMC,goDWC,goEMC,cDWC,cEMC,fDWC,fEMC,oDWC,oEMC
1,1.847039353,2.269334616,14.20213864,1.533635962,1.779229376,8.909965104,0.617223058,5.517474244,1.218108278,6.362873574,1.791447736,3.542800471,0.700198656,8.735981682
2,73.04889732,35.49896209,14.88429738,1.023421934,4.457053155,4.296519814,3.89914718,0.050034336,1.473220596,0.195766739,3.979476906,6.859672714,0.06422207,2.765651362
3,16.51189884,54.61046376,12.12777108,1.074251664,3.9130661,3.43435028,3.353893367,8.453082756,1.839363925,7.345545429,3.612261162,0.242294424,0.796933692,6.15186913
4,46.23542496,9.62528739,7.730403981,1.938791586,4.029593367,8.411394543,3.583015021,5.120501586,3.888569985,7.250138419,3.697993757,0.169964831,1.424237462,8.994934253
5,50.63949583,87.4777821,16.34767177,1.345358301,1.861248145,8.028787584,0.285091362,1.913090107,2.936705938,8.107483113,1.336974098,5.744500893,3.606200297,5.26295119
6,92.51597251,28.34118176,11.85162806,0.534823433,4.398686146,8.635362407,3.469964625,2.133332396,3.951995149,4.454554541,1.4096851,7.660113685,4.310087892,8.205091425
7,18.14328117,98.37068121,17.53323268,1.671971448,4.984788087,9.406581564,4.806811199,1.287613884,3.449221155,3.619002986,0.626019015,2.370115973,3.76356966,0.735656793
8,5.462169427,96.35990486,14.92371865,1.480151687,2.907665716,5.780975462,1.149199741,7.625899899,1.968413406,4.065828072,0.582909043,7.192348406,4.618648612,8.803758139
9,81.90175571,9.30687015,18.38164352,0.900295227,2.70718981,7.719136459,4.433371612,0.985640969,1.831594744,7.632964012,0.3928687,4.606738777,2.933638943,4.056708522
10,50.02758231,46.55308114,1.099382855,0.491658728,4.188771437,0.666717125,2.62335223,5.792286016,0.067024204,9.070375583,2.505145478,2.503011112,3.888345482,9.725793122
11,52.67842775,95.88234694,14.02372962,1.410778328,0.52718762,2.750227658,2.929378905,7.107510511,3.904815535,1.378466139,4.99748627,8.919101518,1.847674681,4.327604973
12,63.43648519,25.59372915,2.861950778,1.924126606,0.761757589,0.832810884,3.061732393,9.534582989,2.129208869,3.820282136,2.829641839,0.801652221,4.107738829,3.24190171
13,36.45839513,83.49447863,11.45257588,0.890228141,1.098487552,7.768415987,0.079044509,1.919545964,0.204845771,6.749486464,2.212110013,2.400128059,3.171876026,0.793793219
14,23.52871239,93.83421591,9.49309282,0.748330353,3.572262304,9.900939796,0.499375326,7.612340419,1.773453927,3.077614572,2.560562496,4.2772708,3.73077681,3.127178994
15,31.21748646,16.71703967,14.67883357,1.824410019,2.117610608,6.857819736,0.446422187,4.403443792,3.426442523,3.358196534,4.22330161,8.750056061,4.359927511,4.429839146
16,45.33297543,10.00711655,19.00804076,0.271542385,2.099328401,0.234577018,3.008071687,1.388673354,2.817897417,6.512462287,3.008892145,0.188475072,0.590563015,8.383747047
17,97.24822584,56.31148615,19.23707381,1.502831195,2.969140425,0.64950865,0.927341288,5.298092275,1.24337465,2.507655973,2.537982176,7.296172648,0.91071711,0.709883272
18,55.35961533,11.7200432,19.88154152,1.483077391,4.362190513,2.597712918,2.526511799,0.890327185,2.956868507,8.407079348,1.492137056,1.532050039,3.304149354,9.589152013
19,7.538189272,83.93871485,16.23568704,1.174869519,2.520743841,9.508563589,0.203649433,8.29448927,4.769887393,3.213589918,4.498423177,5.46634656,0.233486251,8.360009634
20,82.38203101,78.51952218,11.54531757,0.509855609,0.276176465,9.150958445,2.800556339,9.245282679,1.927267916,2.602031645,4.536288253,6.727373827,3.097177659,5.218291913
21,38.9911581,30.67901936,2.104626807,1.089087607,3.999318185,3.152875997,2.542881027,0.258772775,4.751474449,2.926680325,3.505760358,7.733231205,1.285746051,2.552137998
22,96.02802473,8.974676924,15.12067281,0.739924998,4.847619461,0.701995004,2.676963649,5.486047341,4.657065106,2.740526602,1.704571901,4.492748997,0.659215334,2.596971949
23,24.87189725,33.13021274,11.41769792,0.933480646,2.413201511,5.413077155,0.833661715,3.19095953,3.47810963,8.183407618,1.42814624,1.783835133,2.431542736,6.335521046
24,69.9220647,21.56429783,5.019318345,0.115756636,3.496773032,4.052132493,2.504440777,1.533528079,1.578060333,3.959634862,2.128118265,4.183768768,2.375050437,3.669355856
25,79.71723583,96.59627282,18.79640995,1.657354214,0.119467009,5.436993929,4.613364003,2.621152268,3.869179887,2.991121693,2.875608503,7.366626686,2.76859419,1.48788825
26,84.96597197,75.76021063,1.367058835,1.323357694,3.730347362,6.106524482,0.157317957,5.37930234,1.890133071,1.937596874,4.278525144,7.681967216,4.513327199,0.639088365
27,82.73700787,95.32920309,4.825849442,0.904708195,0.493099953,8.275105928,4.533260976,2.400500923,0.285464968,7.120555058,2.024846849,2.048206649,2.906750773,5.839367017
28,32.45012299,71.61665415,4.143541548,0.040247532,4.505389225,3.234212113,2.670431155,7.282809871,2.747964095,0.821771086,4.0361693,9.364027801,0.63052294,6.739950833
29,66.42135297,13.48674947,7.437113566,1.199097839,4.843338346,1.549670052,2.570949683,0.401233867,0.785341222,5.695913401,0.572511203,8.227786708,1.703595687,9.32102959
30,74.57727583,60.39874445,16.39659803,0.3214864,4.531513432,1.743244652,2.206743622,4.15074711,0.020576807,7.133114323,1.397765937,6.427779301,4.194577098,1.255090526
31,98.76733161,22.81875642,1.873990923,1.555207323,0.943606196,4.367622006,0.210156378,6.240629988,0.865122652,7.78065208,4.306265599,7.407539232,4.510148781,2.565631505
32,61.95558412,31.68383366,18.62223469,0.422479301,1.447174732,3.51769752,1.02644072,3.985560702,3.68474354,1.147074002,1.764589896,4.171340904,4.774785961,9.052438546
33,27.66342707,62.35176324,0.856415886,0.261050555,4.215235939,8.869270336,3.588227795,9.064021366,2.863719677,2.230082714,1.709903878,1.891529057,2.369942013,4.240176824
34,97.40469819,23.80538573,10.34731982,1.405001838,3.327932383,4.000192473,2.816008788,5.02115793,4.966463055,6.558844879,0.04203233,8.318644736,4.059570622,8.288098398
35,80.84671957,47.56632577,7.660536561,0.583142666,4.557211428,7.886122274,4.816065968,0.170171025,2.203146705,3.741601439,2.09836394,2.182578354,1.52093187,2.382861104
36,50.39675977,17.78575096,18.42061223,1.244599827,0.989520893,6.824667414,4.986086943,6.188895493,1.126967047,9.638175776,4.923835377,9.609469882,2.522825379,3.277317487
37,45.54310995,4.484715382,11.29577767,1.512622555,1.706207698,7.703231758,3.232028948,7.464977634,4.144842344,4.571263,3.509982428,6.386252219,1.246656511,4.690063837
38,63.66732379,30.052115,0.813042203,0.715733306,4.992696984,5.907993113,1.186124976,6.020646673,4.828860569,2.772422671,2.800263664,1.962928694,4.127060286,7.962830809
39,14.96972216,63.22337747,17.22406453,1.82314308,3.236071581,0.446122491,1.870456924,1.292000856,2.21826517,3.54066277,4.233150974,8.444785361,3.588902612,2.130048584
40,19.55442292,16.53907286,5.5674143,1.801257616,4.695154835,8.549675051,4.215034091,9.521657548,2.146947213,5.666604154,3.495491109,0.951350539,1.591949319,0.067291867
41,71.08655601,31.31926692,11.93582719,1.438359911,4.731760705,4.886763291,1.172565017,7.082287489,0.125853557,1.922721169,4.026066356,4.106063353,2.949746615,6.377911284
42,3.733142027,89.97658674,1.003895532,0.182315339,2.735673485,7.006669604,1.822003976,4.939078859,1.355742249,1.454980408,3.350691332,3.387656954,2.539217452,8.003047745
43,67.84935926,15.23790017,18.3555699,0.212060036,0.954728932,8.574629642,1.576735385,4.272265441,0.921900882,3.856740986,2.067915274,5.571988225,4.825054478,6.495922835
44,99.48869498,27.65709374,13.8395507,0.651300831,1.076961167,8.215798391,1.256434675,6.387776641,2.066484438,0.467100311,3.758518742,6.220659777,2.848877037,1.973466671
45,73.93619818,37.76757606,8.571927779,1.618442241,4.475591928,8.766212742,4.830177084,6.415041224,2.056749572,8.019219097,4.411370869,9.459441394,3.427512908,0.397301006
46,84.82181056,5.308104063,1.50152758,0.935654761,3.786859453,3.130589673,0.29793822,4.367627258,4.121512227,5.857993876,1.748447663,7.840294123,2.071874282,4.943077933
47,28.11996718,73.96287321,18.9100125,1.207066708,4.447914352,9.453840234,2.834424136,8.579242722,2.976719786,0.08005019,1.452138484,8.931059922,2.359354954,8.310437748
48,26.69081525,49.93143318,8.060016703,0.00884961,4.260882675,0.284017968,2.383209743,7.016451268,4.31917118,6.531497779,3.364996835,8.196992151,4.566125507,6.977929681
49,39.8527172,24.77671557,2.339378977,0.215486317,3.684928385,2.70745108,1.279763303,9.681723581,3.060025027,9.397468984,3.215526216,9.111278935,2.279081971,2.502075676
50,12.08846335,21.96914807,5.182933784,0.078950338,2.868812848,2.114821289,3.210753433,8.821003746,4.470393195,0.02995299,2.812085952,7.594080983,2.230516001,0.645909552
51,77.90706485,33.91411501,10.8388348,1.641000158,2.205627695,2.934656751,1.617743889,6.067273834,3.17678257,7.008362108,2.143681715,2.490358383,4.541127079,7.241915761
52,48.4851566,96.79992429,0.081917378,1.839043633,0.871936705,9.949981104,0.968580897,3.694668913,1.956944011,1.82206823,1.833336153,2.270123512,4.25161247,4.683521062
53,61.64233824,32.78526517,11.49893893,0.495354031,0.141295647,7.234177734,2.944310415,8.252838751,1.018215097,9.164676108,4.936621322,2.638204832,0.955179353,6.699829803
54,50.20902244,6.264209461,6.644290085,0.2081131,4.371279763,1.530901261,4.659832778,6.151531873,2.417382573,5.145674749,1.037243316,2.540989612,0.775177614,9.300692332
55,75.92506011,38.45196594,18.94919412,1.586907421,1.304300512,1.18890418,2.417022907,9.926219545,2.573222351,6.611206456,1.289501132,5.307879855,0.138894658,3.599388923
56,4.498574007,65.15016607,6.799701504,0.285705673,2.987442541,8.619803428,3.524769119,4.68982902,0.81971165,9.450407901,1.851846184,1.030686701,0.303988494,3.215141092
57,53.02679349,24.28070964,16.28440451,1.278691371,0.515915523,2.471504803,1.310889101,3.129603467,0.082486582,2.702345451,2.960213815,8.121563345,4.48071609,4.115797605
58,20.82496114,37.51508264,2.837164513,0.237711652,4.751774287,9.698199773,2.872770993,4.973389964,4.248194675,4.723167387,1.09196126,9.348521105,0.360248923,9.168095233
59,78.32600597,44.50853491,10.46432532,0.022278375,2.673525989,8.359270431,2.185118009,2.310644909,0.796572992,5.172973035,0.534057517,2.023933471,1.579961454,3.817301322
60,49.07093937,68.33488185,0.976440839,0.683465632,0.655239581,9.443381573,4.900373466,5.914764328,4.551603944,5.440765727,2.937076378,9.080528436,1.795257474,7.659150702
61,70.34516502,56.55339272,19.31894771,1.183819175,3.013278181,5.12608883,0.479022907,1.572278875,0.042348996,3.903678018,3.47883609,7.985736276,4.212720413,7.567303731
62,37.31881687,40.66263236,18.86299892,1.842127752,2.88486334,9.536377819,3.712484725,8.228063184,4.36843221,5.619779676,0.690768469,0.255059407,2.211112086,2.000141522
63,0.760993204,72.9873244,9.788659739,0.895858968,0.739064272,4.864702494,3.324611875,8.147317869,3.845279158,5.940916895,4.550362927,6.4003544,4.168862698,3.729056821
64,69.52186212,11.46962637,7.527175967,1.747954077,0.71698412,6.561863486,1.915579642,2.002929323,2.319064929,1.911586968,0.762223733,2.255763792,2.262433741,2.949376551
65,30.65170793,56.7928981,2.93891772,1.604400397,3.244881217,2.551386411,1.521351407,1.180219763,0.425054044,1.366016702,0.719221554,4.948451387,2.506926798,5.727215921
66,97.75728487,69.08671341,3.621586031,1.168771066,1.898656869,9.935148304,2.350094722,5.578506658,4.033032815,8.458428261,1.668073851,0.076670059,4.339038381,8.187363626
67,49.00822205,29.4923828,13.97777022,0.450091319,0.779223086,2.827623882,3.15349181,6.861093218,1.077552195,4.103140472,4.203069739,8.021942654,3.673594687,9.631653724
68,62.55425627,65.71564732,18.48595299,1.746054621,3.964483635,1.047833936,0.051691552,4.073582516,0.526463712,1.188939606,1.061636452,2.997463991,0.400861149,8.440571262
69,3.18502616,87.51717259,1.975892183,1.111435228,2.41053261,8.659603835,2.804817399,7.451129457,3.668246869,8.61375912,1.17118191,9.513865236,0.545785182,4.864043151
70,90.3057549,71.28957768,2.45053437,0.456588605,3.181080653,7.933084653,4.766298815,7.421578465,3.585306046,0.760574908,1.181371667,7.964326463,4.71272572,8.94359257
71,41.25927631,78.103726,13.302966,0.561162417,1.945769079,9.020261647,1.289693243,5.108390619,0.600389003,3.911409138,4.437445827,3.088905912,4.999841778,6.835398842
72,78.30874087,99.58241042,16.45882149,0.479380246,2.453662602,0.468452802,2.584699657,2.848643646,0.300962654,7.648528313,4.432165024,1.15761958,0.299747186,7.068782321
73,63.7640506,35.12915901,8.277943546,0.588232927,4.470467954,0.146395729,0.965115875,8.035491546,1.503027142,4.265993157,0.729756639,9.377896763,0.983572692,5.360518546
74,86.96146343,60.1610451,15.87009507,0.69110764,1.713266167,7.9979281,1.884631524,8.916491611,3.820560427,3.126219485,1.135611274,7.934315305,0.920933347,6.728412425
75,83.56844232,23.19139823,1.449500613,1.888777325,2.891612757,4.446821221,2.196954015,1.756766502,1.527822693,4.734595089,3.939139077,4.020656575,3.368036549,6.017385582
76,7.222391399,7.442676685,9.279187245,1.994292407,2.830203284,6.614118386,0.456224632,1.630423742,0.245385396,4.058254135,2.384376974,2.090599961,4.524787046,4.475663006
77,89.52708786,1.454263697,12.37008635,1.425698945,0.590785609,5.794290103,2.251983711,0.247505008,4.616666476,0.549400274,1.193208844,4.794844183,1.320027794,4.589065971
78,32.25893426,2.720600936,0.617996795,1.166272366,4.797239294,7.792984448,1.474079933,0.824189783,0.893084874,8.101734177,1.51229612,3.351103355,4.865213238,3.250661879
79,7.721844988,38.81949766,2.181800069,1.241881085,2.183645698,1.433947805,4.05588875,4.671655157,0.910146232,3.250457698,0.812081936,5.701917152,3.842900538,5.898345243
80,15.55366694,15.43939537,4.329479619,0.019180481,1.006162835,3.901011394,0.37204048,6.647594131,3.242717302,7.519554244,4.523372425,9.235207775,1.437520271,6.202266064
81,81.35380813,84.80986055,1.439608666,1.57628447,1.318691874,7.611636307,1.530811252,0.325918474,3.128133634,4.015449473,2.978444226,8.84520667,3.723466631,1.548455419
82,0.126474814,28.31712866,1.795077218,1.494335203,2.250697857,5.72339007,1.109269876,1.719516204,3.598260118,9.02050818,2.554477382,9.294694812,3.29048991,9.497771561
83,78.86167222,99.8846898,5.602925625,0.758572599,0.912431823,3.122434789,2.299013938,4.657489029,1.902137138,4.773163459,0.103847911,5.974374187,2.349651378,1.743902091
84,75.66432334,81.35476831,0.122996962,1.986769308,2.2748011,8.574197521,4.690909248,9.861030373,1.508766822,7.503743421,3.784407393,9.504950278,3.226701345,3.467418917
85,25.39727008,55.70697785,10.08022302,0.324505858,2.547890075,9.239916903,0.566572703,5.768951815,2.089978557,0.933654226,3.43107393,0.456259601,4.841830097,1.95936597
86,49.58398639,27.91718432,9.45899717,1.399935747,1.063607544,6.135344922,4.64300214,8.425726186,3.230544862,7.840793693,1.351705554,6.421412204,3.064730508,4.9888681
87,48.63762738,11.27718651,13.0795558,1.592111228,2.926761856,9.519890954,1.960124825,4.560105817,4.47840758,7.592540251,0.560593672,5.205881883,1.223763946,1.827298262
88,57.5247009,86.49831977,9.41478377,0.941426912,3.025641441,2.312533846,0.775369121,5.699087548,0.779670219,9.792452074,3.849127416,4.031977074,2.519296119,7.717598185
89,94.29852278,53.27632751,1.536733415,1.737760271,1.040810841,1.87271072,0.669917734,6.994909857,3.220850471,7.032851028,0.675771324,5.223586681,1.980729464,5.321988506
90,89.17944452,43.86448971,15.76231756,0.885853804,0.113337748,5.988558634,4.307264922,2.807861099,4.171530207,1.954613508,3.678406915,0.228293805,0.644408351,9.108532774
91,22.44883376,71.28145944,16.08073963,0.602215058,2.514537496,5.939793325,3.054226094,9.046046487,2.585021459,0.649848371,3.949321443,9.910080491,1.838548015,6.042381109
92,78.65582004,61.87612408,0.008484845,0.361783828,2.04455265,4.405169784,0.138128224,3.834691062,0.479711479,2.09704849,2.321280159,7.490037721,0.207222605,0.811989769
93,51.1427958,94.55459335,18.24750954,0.263647169,4.662578228,3.643064347,4.731522968,6.810196792,2.51236232,8.962850542,4.602429887,8.062566173,4.365984125,0.912577421
94,25.78476964,69.16877166,3.308675213,0.077217699,4.191636104,9.363590817,0.59853314,0.093953937,4.713660335,0.342846928,2.586730523,6.322626582,2.339466471,9.564825204
95,54.39543271,97.39540415,13.81955506,0.11908543,1.398896224,7.639466645,4.09725865,8.120657859,1.11581886,6.147504312,0.706313115,1.037159347,1.134086666,0.551372696
96,61.78988104,66.46004609,11.09468171,1.569520703,3.938906781,7.131032343,4.084585707,0.716334232,3.19883329,2.675852644,0.526118633,7.00724485,0.313439544,1.064282598
97,74.12739662,45.03969656,6.770690942,1.466519878,1.881933291,4.02512924,3.390831459,1.516315253,3.345206702,8.18643859,2.013887597,9.578005326,3.238416326,4.217164326
98,89.38746104,89.20528618,9.168904833,1.901584317,4.409980904,3.43903069,2.844482802,1.022087137,2.834283158,8.824374225,2.781834504,8.248067274,2.093281709,8.262016344
99,87.17897644,18.56969524,17.16066773,0.81892144,3.040239697,6.653291618,1.455102855,0.534414538,0.945336939,2.291801422,0.847413619,9.855463037,4.957506526,4.228393605
100,72.09983468,22.9376548,7.757371285,0.957007771,0.358794771,3.502357904,3.261986478,0.370192861,4.98307183,6.070643809,2.245460317,3.634403838,4.034799045,3.616468296
101,2.829222863,40.97648102,3.427727975,0.383719842,0.979867585,8.167600232,1.399217689,8.779891228,1.515840614,5.278650127,1.148984126,4.679878871,3.298631056,6.865453
102,63.95439113,75.10880829,19.1339836,1.706734209,1.909488843,2.037294966,4.481268638,0.688246288,0.318801594,3.28455336,3.250470011,0.836857628,4.576948361,1.648620377
103,65.172226,5.137783828,12.93567508,1.845604273,4.560689071,3.045238341,4.399214242,7.799000747,3.579920975,3.468266193,0.789850807,3.974942079,4.267368125,7.159123599
104,18.23618431,20.6039306,11.70249172,1.92184252,4.677738496,9.576668404,1.219014094,8.849743221,2.437223265,0.666339516,0.022470859,9.197655202,0.891603523,9.459463685
105,13.42276506,34.51273836,16.96233199,0.522209955,1.491142062,1.454913701,0.01498588,7.915862539,2.247770236,4.634173846,3.70787669,7.87506334,0.186307538,0.994813346
106,12.12104246,80.54460547,5.906669177,1.24939438,4.150237738,2.579914994,1.127002602,3.234477007,4.595973934,5.401070077,4.380795138,6.086578943,3.784060282,8.954908442
107,70.85674682,78.31398846,0.765952194,0.653185479,1.424303132,2.669277573,4.507241014,4.20889033,4.081184011,2.173836279,2.057953426,2.567211147,2.884574532,6.442066783
108,47.3766345,4.98177946,18.02663453,0.710305677,4.515648797,2.17708999,0.863921706,4.094550715,4.401689438,8.053950664,1.867546694,8.615268529,2.640744874,6.624586106
109,25.63995965,28.88195315,14.73993303,1.382278743,0.436408553,8.368925664,4.710359898,7.991064646,3.459160923,3.675590173,1.555970897,3.023250143,0.155045875,0.822542681
110,24.60509704,83.78664056,6.605094768,0.441517144,1.15074184,4.939743938,3.240005863,9.868014791,3.718231362,1.890084134,2.324932053,7.022240159,0.704104457,5.072162142
111,83.88997091,69.37440813,8.15885335,0.174792866,3.618876867,2.722916277,1.501681834,8.070379821,0.036165279,8.418277658,3.924690892,3.291451113,3.543124659,9.365011279
112,22.53062673,26.43495801,4.485075984,1.302520733,3.360516828,7.117782985,1.448367089,8.558069531,0.1658971,7.940854846,0.319410954,9.482242961,3.789624076,1.180316476
113,75.068396,68.93083288,0.30928116,1.971975887,0.047792163,4.251235072,3.950627869,1.589122775,2.239150522,2.031505357,1.823200999,0.146394128,3.269914616,7.375849896
114,80.62972554,28.5295527,2.041516605,0.067684071,1.235609659,4.765812275,0.807965498,7.50987623,0.881960598,6.573882966,2.956788745,5.169486944,2.788515019,1.504521494
115,99.66264296,69.57826848,13.69361255,1.103259906,3.814099079,2.448284023,4.866660176,0.648868326,2.080922033,8.221879205,2.36700701,3.797102539,2.044980295,3.413560586
116,37.78612279,59.75029164,5.887220124,0.877576777,3.706395379,8.434664802,0.872787609,5.706438051,4.294588467,7.164017995,4.861921468,5.541541202,4.763796699,9.252874093
117,11.18269502,80.45353424,18.13698073,0.160880326,3.988870864,3.791611182,4.126168819,0.674677413,3.699222063,1.854804656,2.166851858,4.813018804,1.942360997,2.046222245
118,92.14922733,70.09941835,5.658482602,1.780939911,1.550255756,3.756334066,4.902940006,5.890669805,2.305585987,8.143587118,1.104401085,5.242839029,3.17719154,5.992231266
119,3.100944452,31.48825819,5.095764163,1.91163587,0.228171136,9.237148575,0.433819424,0.227827734,2.521035904,1.334585059,3.121853377,9.150758314,0.533691038,1.783479595
120,67.59822893,48.74672574,1.214219908,1.319705474,4.718066989,0.505892499,0.24304581,9.78351023,1.544274618,4.359724468,4.568704056,0.035572185,2.650438637,2.624565562
121,15.26067997,49.4296033,6.172930295,0.691845214,0.786685654,1.790477229,1.582564163,7.151897867,0.261384382,3.413211102,3.448462932,0.291041952,3.039189829,5.493933558
122,27.8719118,21.45273684,0.065521607,1.21286678,3.871307246,2.846157127,4.796348213,0.214290737,3.797836751,9.4938311,4.07705078,6.210803953,0.118634807,7.447418358
123,27.50091586,11.072586,2.461775945,0.394964062,2.443698789,2.868809965,1.716385758,2.17204606,0.473171323,0.725356062,3.144289493,7.179194948,1.551839448,8.114444492
124,16.82568342,94.26750171,11.76069438,0.97117549,1.86898142,6.49393758,0.404860304,5.215059365,4.355687292,4.148659406,4.197135941,5.501503313,3.08157977,8.240691936
125,38.54266596,89.27709372,4.520340966,0.562807171,2.140012735,9.781897844,0.934237876,6.430657675,4.876904614,9.089105263,1.527201766,7.818262322,0.518495939,6.654493096
126,42.68882539,81.72491338,3.733290491,1.902566847,4.594974387,4.123371029,1.249810177,1.67964731,2.537515847,6.72968633,3.713259659,1.679223924,0.426246755,6.251490659
127,2.361312929,25.4799942,5.494657399,1.407437418,2.535140049,0.620069517,2.449214576,2.454779212,2.149869917,7.705674238,0.109282742,9.202523579,3.134993395,0.212567454
128,92.80811263,51.08914384,19.21657711,1.829913955,0.169562312,6.913918741,3.198732411,7.595630016,1.979430535,6.417122088,4.880054247,7.553064375,3.438437694,7.850579849
129,77.23925966,82.45028697,19.05621961,0.177760236,1.358444121,3.318021675,3.924975652,8.696458584,2.84581874,4.916739577,3.966058629,9.560719666,0.618235091,7.258367614
130,74.35359695,42.23061276,1.934750062,0.871362882,1.834157481,4.677471182,1.629884794,9.893896233,4.548280784,4.487810223,0.745226639,0.551032012,2.691600005,3.692928529
131,40.51371557,85.08596291,8.207217873,0.856865489,2.629182376,5.62198716,2.550940825,2.928214761,1.388567573,4.243072281,2.608540683,6.447346151,1.722044545,3.376589565
132,6.582799479,65.35410946,6.335765663,1.552468167,3.079959959,1.393531027,3.691354683,3.734249794,1.607069206,7.873246328,1.72632994,6.093784497,1.565292123,0.842975885
133,98.29303555,91.477806,2.11795833,1.337588637,3.398608633,2.429284752,0.792323363,3.002591697,0.09069763,6.700743352,4.696523101,6.908243471,1.363131026,7.102531924
134,5.645495978,91.25705564,17.64753528,0.255231322,3.804969475,1.97922141,2.77966485,8.644322324,3.281243279,8.456510192,2.838635185,2.93940538,0.81109579,0.34694486
135,63.09929702,92.87444973,14.61970951,1.612697197,4.288594949,7.476553316,1.080587549,3.149060629,2.209927194,0.015560479,4.010799666,9.986322261,1.680497453,2.259905329
136,19.99297246,29.82014666,18.56255055,0.568737851,2.310317771,6.051563156,4.35411097,6.362514502,2.992820783,6.083104354,1.259959847,6.285872044,2.467005927,0.248243243
137,41.54674537,90.40549478,0.267160183,1.679460792,2.129653892,3.818308682,1.798457657,6.795060418,4.300699199,3.224394396,0.696529094,5.90310143,2.818384797,7.778157259
138,93.73553856,66.21212923,10.54147388,0.613255822,0.966217682,9.111668623,2.466312972,1.21283126,1.86964841,4.097798029,0.791388257,5.413171449,2.033524138,5.564223018
139,40.64738352,80.23142759,4.857429055,1.961856604,3.541171535,5.495278141,3.619856804,1.481081596,0.105686048,7.073943164,1.933360756,0.100664922,3.939632241,9.693184616
140,87.90466301,42.98315643,16.32443621,0.233411792,3.831538693,4.237915256,3.852705069,3.338716246,2.020444801,6.39949298,0.911567583,7.343843142,1.312925128,7.50835514
141,31.0504727,49.74918325,5.854313004,0.472984007,1.819435388,7.904855261,0.741792565,4.469011519,3.01995922,3.510990422,1.520490377,2.45875035,3.456486909,6.086519292
142,5.122618451,54.44458803,4.959171731,1.519792326,0.086370277,5.140798689,1.723696995,1.267358149,4.928361865,9.965486376,4.615521239,1.460066842,3.276453863,6.533733369
143,32.09458529,33.33970677,2.210404544,0.309601855,3.58242781,3.104811823,2.114253077,9.467626937,0.763808163,6.439664771,4.574913884,5.438689857,0.583242677,7.016578208
144,34.0721602,50.90245906,9.384789928,1.449115975,0.025124493,2.384032403,0.416759394,3.010420285,0.584702351,5.653931214,4.338188099,0.615688919,0.290675741,2.165108474
145,19.4020072,12.01420871,7.098913756,0.621913602,4.524357729,4.701405478,2.488415086,6.524742327,4.016183802,8.696081876,2.118864718,5.715333714,1.53032014,4.411008539
146,8.051913996,62.53897276,11.96311684,0.949778048,1.658689087,0.112261251,2.218718332,8.969269617,1.447802127,5.738482131,0.186465545,4.520049272,0.166844345,1.026378787
147,95.66565417,93.55929687,10.12592071,0.154971043,2.431938092,1.968592003,0.693031253,7.189406984,1.761543126,7.021252468,0.617066245,8.355848539,2.982312052,1.758414481
148,84.02185852,35.69975814,5.387656558,0.333402673,0.177235124,8.252803363,3.818308682,3.377674749,1.296071698,1.620822168,0.925691181,4.980220784,4.633458688,7.345544466
149,69.76596383,51.30794477,16.86646671,1.67143866,0.370706603,8.975900705,0.118741721,3.32002342,1.033442637,3.017535927,2.58933405,8.685268995,2.271237866,2.893712932
150,93.98189768,21.23683969,0.458686654,1.275096195,3.980740761,0.364749262,3.08082066,3.124183775,1.262456499,2.555221079,0.168927086,8.988303614,0.451049238,7.915848829
151,24.62448287,7.289730552,7.616018393,0.570522415,0.751097053,4.505866976,3.260236539,7.779983782,2.078060185,8.236546585,1.636983167,2.343129006,0.328031581,9.015492553
152,44.1183287,26.32709958,9.694943415,1.010911404,4.704245592,1.259904406,0.520554013,0.500897722,4.278584584,9.672565356,2.461928157,8.005527991,4.144195635,2.532433627
153,28.86648753,53.92540556,8.298418504,1.933762565,3.377953231,3.067516574,3.019542241,7.979035351,0.616123062,3.877175682,0.088547076,2.611845366,3.336334529,9.99843294
154,42.07150503,83.19872834,4.07769832,1.14193127,4.421540463,9.130967162,2.538531508,4.595759835,1.708601202,4.174252198,4.624365126,8.817474868,2.41594368,6.001606723
155,29.97769799,77.02299552,12.5110517,1.269852975,0.566140578,9.659144716,3.069670108,1.441888774,4.805108452,5.000260159,2.923125164,7.629169206,2.128858248,5.777265122
156,6.685490712,20.08553785,4.79947283,1.572151736,0.257584006,4.560684862,3.439950442,5.323647823,0.135022737,7.103109453,4.257479429,3.912478334,2.220935692,5.119706708
157,93.00283885,70.16488683,1.27899864,1.096624103,3.625383801,7.976017437,2.372234243,8.93434851,1.254360197,8.321420455,3.297055419,8.136272727,0.483008337,2.746740413
158,96.88711352,94.11477683,16.12782593,0.803083919,1.577594161,6.273945309,3.509019817,1.233320319,2.462133306,4.377178889,1.583498845,4.44107942,0.349717451,4.941164618
159,72.77491356,93.21251892,13.53055892,0.853999191,4.860128235,2.755280177,0.110539045,0.603327729,0.3856685,4.815943574,3.528454942,8.417834626,2.735908582,1.70797423
160,39.31333788,83.98702145,16.65622364,0.719603951,0.340661644,3.741666755,2.329467344,3.66439762,2.393429428,9.911355967,1.729611842,8.801949905,4.73668452,5.138910975
161,19.79309163,25.86023546,7.027956124,1.306040515,0.056145855,7.847300384,0.703528083,5.245567086,3.093269751,8.382843933,1.958783007,1.907257689,2.291499399,5.903206739
162,35.47385093,91.82432797,0.314876997,1.371846695,0.201486288,5.745563125,4.6784167,2.121392917,0.759189704,6.010614378,1.615490536,7.91087138,0.380637994,3.313991742
163,29.10203279,12.77698664,1.203392026,0.926265658,0.44766102,5.834247452,2.703144948,6.522113292,2.675231735,4.566280413,0.612738279,3.834854991,3.692676931,7.811618267
164,65.32452927,16.80092316,5.317025997,0.645942732,1.292541214,5.595283334,1.332888586,4.336304033,0.322938463,3.480154983,4.780766536,0.904501384,3.465934235,9.124872462
165,25.99437595,7.72769563,2.708981568,0.431127343,1.794696621,2.063247738,2.047945764,3.430230066,0.448247871,7.684290514,1.883637394,7.156045068,3.663882222,8.565828658
166,49.40336776,54.92927322,14.47964086,0.398597074,2.932891746,3.265160789,4.625087168,6.681963068,0.551628812,5.184083345,3.387340215,2.962846014,0.825264078,1.919255174
167,33.67251526,95.68292995,12.41056859,1.228628648,0.836558341,7.043218954,1.674741562,0.014393577,4.62305052,5.237105061,1.001076833,7.385107493,2.304623328,7.588544076
168,62.46418349,66.9479469,12.72359131,0.989180793,4.744481339,6.84064833,2.411568881,2.164727505,0.957369725,4.526004102,2.033973388,7.210015436,4.418260508,9.071986558
169,90.4739698,61.09380182,1.890205929,0.359241556,0.267746232,8.093540019,4.228432038,2.979277941,0.359839525,4.848480705,4.422367639,4.30758911,3.657254551,0.098056752
170,60.77283364,81.8441265,7.576256766,1.061855353,3.819082369,9.055357634,4.273323934,4.192501678,4.8647683,4.536169587,1.566265936,1.377737564,1.271768192,5.347949302
171,53.143074,44.74205916,9.333311004,1.145872507,2.848961585,7.445184423,3.59539211,7.065963522,3.233393838,3.584720175,2.181327637,0.796607106,1.825330184,1.297004366
172,36.23032851,97.57196041,4.127571332,0.103157775,1.277289341,2.240015435,3.278374895,3.291776982,0.704592175,7.376524603,3.520020901,0.322475561,1.206744084,1.625685122
173,46.85788408,34.01861021,11.20801465,1.030351297,3.973528424,0.31053044,1.773614374,0.443156661,0.92809156,2.010958841,0.383578261,0.087600618,4.232217762,0.005033503
174,90.70993832,18.12063048,17.05662234,0.197789223,1.12921493,8.014106787,4.847879452,3.594472535,4.308059475,7.317271348,4.317717347,3.767840101,1.217949302,3.172548162
175,88.53810906,98.97746231,9.629688069,0.737273507,1.569875265,8.056695342,3.549940458,4.309269909,3.438154647,4.509746284,2.707843618,6.49710782,3.863089546,8.352754099
176,85.4069892,44.64830153,8.837827498,1.525172344,1.47371366,4.720119611,1.303493489,4.513771433,1.848854769,0.157581879,0.435366803,0.744338791,1.803515422,0.366337279
177,13.08528314,26.76227672,0.494551282,0.893478917,0.598873756,7.528729243,0.075403383,8.220041472,3.519781068,1.666325412,2.226469152,8.607106579,2.702368229,9.592776634
178,86.7839524,12.39276303,15.49601476,0.976114139,0.847320187,5.302619843,0.244825726,9.719867883,1.744879459,9.300633572,1.860530296,2.656816112,3.96958356,1.719610944
179,33.89747102,20.44254937,4.685534376,1.126403726,3.698843771,5.6536111,4.548262093,8.060169225,1.642808036,5.994289378,4.887117251,2.85090665,4.883444828,7.336910546
180,61.407989,77.23245111,14.38933371,0.678322857,2.474448838,4.013653275,0.84026011,1.822475321,4.407367608,4.672632572,1.770579988,3.940504909,1.880940834,8.814579499
181,36.6731712,72.25970238,3.681924439,1.714055555,2.778450043,5.526548094,3.449654643,5.054976918,4.270424522,3.971127261,0.984698681,5.819563857,3.055914032,6.278373143
182,36.77069343,29.08782493,4.971820283,1.22213225,2.871344577,2.640707126,0.309537969,3.396433836,4.507164172,5.478322519,2.475265185,8.900556867,4.732063304,9.964117694
183,56.05204941,39.49580659,11.23002933,1.647311517,1.07049369,4.148107118,3.130055524,7.878550579,3.489302537,1.303494311,4.148240712,2.234999103,4.282703568,2.670095887
184,18.54075908,98.75551421,10.19728635,1.869007338,4.894498498,1.370710699,3.85812565,6.252803434,2.4903569,8.285607256,4.02218877,0.418691592,3.531730388,1.218872285
185,99.37310712,1.348801201,19.34391987,0.007202159,1.201466335,1.48133452,4.234594023,6.702042393,1.099177184,3.044132476,1.442573201,5.480390177,0.517095944,5.022781276
186,58.05359486,86.18827982,13.3250647,1.492064032,3.519579953,7.583696798,0.385386334,9.949346845,3.702771073,1.026845249,2.948509922,5.589550887,4.076419594,4.667491912
187,1.116073653,64.55668836,15.0335966,0.426243272,4.110662182,1.235871425,4.191386252,6.900065219,2.687439829,0.265594596,0.7588888,1.931562552,3.929555663,4.976440271
188,10.62181785,50.70603911,3.258466264,1.562227434,1.229284718,6.742121242,1.94761729,0.295602084,3.676161181,1.866098929,0.375035574,8.426837457,4.660235504,7.294803311
189,94.74041475,42.71838072,10.1713966,1.397003029,1.288591854,3.545901497,1.427492799,0.132972309,0.994031612,0.802457844,4.157573808,7.328926529,3.909865531,4.558727246
190,58.79612086,35.79043391,12.7909425,1.516594811,1.720933857,1.840354948,2.934916022,9.164274283,3.923090068,4.657017738,3.906435191,7.763476255,2.472170359,9.431781051
191,49.74273291,87.25385363,8.391495728,0.025390196,3.634163014,4.756233711,4.745742231,7.842814041,1.731337475,7.610645319,0.882347399,6.232826053,2.201054228,0.997490284
192,85.22080688,0.429010247,7.161499128,0.993922187,4.943287211,9.70967271,3.044712543,7.143170097,2.114942523,7.859532432,2.234551738,3.43280637,4.607327829,5.707246787
193,23.95621253,36.58484927,18.00710318,0.228894969,3.344622693,2.989084938,4.649331715,1.009179416,3.437002877,1.653466215,0.639807476,6.515347439,1.407923741,0.437395818
194,37.5365838,39.68787624,10.27305603,1.665115323,3.600093693,8.335356498,0.029719801,9.310682995,3.99859318,0.417502497,3.655716406,7.800803132,1.731953505,6.579109966
195,1.596709868,58.47041813,4.430539989,0.351503601,3.296954619,2.521371039,2.974917327,5.283778897,1.988532647,5.602863938,0.203663348,6.852454358,0.691379027,3.434997306
196,2.150368337,49.23718138,8.039585793,1.959289145,1.926122614,0.078375111,2.090400946,6.294176509,3.36875917,0.039916362,2.428668177,5.739228646,0.389149216,5.396347697
197,76.29312117,51.97623967,17.46116526,1.733742503,3.286529257,6.161319262,3.933763861,2.664614229,4.037382191,5.136061357,0.934211826,6.597417872,0.675172464,6.672840431
198,59.10998826,79.14114692,8.795945961,1.584806341,3.44010919,1.670813255,4.321988072,2.829692317,4.05097768,1.782276968,1.500096885,6.650857621,0.500492727,1.84172456
199,16.12565229,87.72848182,6.063079502,0.463997883,2.333476231,6.259953053,3.732970494,2.875720017,2.049864798,2.882181883,3.077545126,6.132941702,4.335769676,2.607907971
200,56.65624617,47.28197062,4.70513227,1.893180796,3.061575502,2.516474418,4.757656982,8.733404709,3.257023459,2.119655541,3.099609371,7.866249585,2.313167892,0.265856556
201,89.7654261,25.27551684,16.74886035,0.055206944,0.924408107,9.637693373,3.958197889,6.485300336,4.719731274,4.693576841,4.311354434,9.816154208,2.159592612,1.326829578
202,71.40127255,19.21654391,17.5542048,0.304799109,1.808993087,9.342439115,0.822926248,3.088797611,3.288983062,6.306460655,2.848537466,8.877349189,1.747439816,2.070376202
203,17.95916651,48.98583282,7.306825828,1.257103218,2.718442929,9.565944151,4.603601674,6.964884174,3.650474091,8.497528959,4.664820277,9.800625624,2.566183665,5.599019975
204,34.29776196,12.23953676,12.45513244,1.933074468,4.171459586,6.783294454,3.703184721,5.36603742,3.735060252,6.502338448,4.946032644,3.742935982,0.43851118,4.007462808
205,28.45308931,29.27160674,5.545696544,0.319617632,1.025577084,0.637251683,1.118892108,0.141921865,3.184895378,7.052657277,0.511599187,2.730571282,3.84991889,0.753834145
206,45.84713233,89.74419624,2.918214645,1.427038772,0.507648684,3.7253344,3.65979388,4.740716193,3.856014211,3.800289643,1.385147834,4.92674548,1.556365453,5.282083445
207,14.53174707,33.55051465,0.882672114,1.978399384,3.05511689,3.222036969,2.91697514,9.207080657,1.938293171,7.540354916,4.64984901,7.455260494,4.136305028,6.097728616
208,31.43415241,72.67961017,18.16903664,1.530457387,2.989392574,8.439637699,3.52646271,1.809875103,0.969877696,2.477176241,0.236142833,4.873577456,3.629309948,9.884662634
209,54.89001277,31.87472812,12.83755647,1.308992796,4.491925002,6.507795737,1.730775734,8.360134169,4.088380395,9.119388615,3.47048089,1.506659238,0.740269183,5.612886859
210,52.52349552,85.98740915,15.576305,0.698030076,3.645640327,2.256036261,4.979782881,5.955834044,1.236033132,7.906593253,3.333232738,6.542963769,3.475561605,8.610327299
211,48.01064273,12.60587793,13.4201469,1.982520383,2.622796385,8.139341828,0.786008477,5.93585601,3.151522337,2.721969202,0.485628669,9.045359163,4.004480788,0.776742279
212,32.83218209,53.44170805,2.671521608,0.371664214,0.454124244,8.595938638,1.667840084,5.636091234,0.397223601,2.37470379,3.265769465,7.902591201,2.775043189,6.971742734
213,91.05721207,15.94591099,2.524959733,0.187597355,4.160551961,1.064689891,1.792617664,6.31764318,4.538884444,1.405574031,2.545987432,8.737860242,0.98842751,9.152049349
214,91.58948201,84.55094068,18.86970819,0.965124984,3.261361697,1.875599534,0.399737673,3.4895956,4.110827177,1.127969051,3.322198951,4.861319724,4.022063114,3.341956096
215,41.89157978,21.78329443,1.729264134,0.24382601,2.024083622,6.472982541,1.649543463,9.324933203,0.402018523,4.188005359,3.344292793,3.077726559,3.029231202,9.34728638
216,83.1781716,51.76377784,15.3497181,0.771975843,4.632761205,7.540915853,2.966170836,1.657680926,4.439270449,5.461251751,3.962645295,3.248842903,1.485209635,1.469380078
217,64.38315943,53.86676995,13.01079059,0.725095175,4.979616461,0.809534931,3.304812592,3.641762837,3.376639485,5.577104911,2.496940765,9.17033942,0.57552564,0.544811394
218,55.55686729,2.129391386,15.95270736,1.873552457,0.405605559,1.11725606,3.941625943,2.359707582,4.783788909,3.724143963,4.7223529,2.410600917,0.903207321,4.858429573
219,3.396087021,39.27816818,3.911133245,0.784547263,0.223708689,8.964162285,1.899678889,9.478737168,1.697284051,8.309247707,1.940323219,1.238713633,4.906993514,5.088533809
220,73.65109705,80.03623613,4.248472714,0.156973739,2.573429096,0.583791363,4.166234794,5.013671643,3.351733012,7.416494712,3.648411806,5.261866055,2.977896167,8.525312407
221,62.29800824,37.9077724,12.49166465,1.862502954,3.730512582,8.892652287,2.022330952,8.474096288,4.802118665,0.516456286,2.348750053,4.211349461,1.087141548,8.903587759
222,76.1393085,67.60068804,1.821107699,0.552522699,2.239878446,5.339834664,2.562858781,5.757131457,1.943385008,9.742121201,0.834039332,8.482755417,2.626419653,3.95090654
223,46.45800577,32.99553136,15.39617092,1.363157713,3.102108245,0.222046245,2.102283727,9.02956898,3.308662293,2.950522623,1.780419112,2.146705432,3.151740447,0.476018153
224,0.493816676,91.01562091,13.0070021,1.119181247,0.63493825,9.874448656,1.007443699,6.589988281,2.729198688,9.621705685,4.511048195,9.400686915,2.08109379,6.406477441
225,74.77188273,74.73212606,11.99497607,0.448687004,1.763032478,4.170045443,2.436927523,9.38164824,4.887037506,3.835645964,0.28843237,3.808948661,1.512729356,2.722785423
226,31.77297044,58.30649545,17.31266238,0.290856534,4.285363444,5.203330615,1.340047598,1.331391041,2.984707844,0.995230194,2.07564358,3.90524602,0.672922167,9.914072465
227,16.25234983,0.153159269,1.569518777,1.741596219,3.848187436,6.587948475,2.400129169,5.803911002,2.778947681,7.179204666,2.102716647,5.615759066,1.036869591,1.939877777
228,41.14335362,41.92579164,9.588691834,0.013340536,4.328904769,0.072828546,0.718643891,7.435084457,3.618463305,5.864119741,4.487247856,9.44020826,0.196037057,2.706970843
229,37.06401573,37.40023931,9.057332353,0.940233891,1.639727236,3.054897312,1.234976037,1.48832458,1.271706842,0.240416879,1.483062707,4.317455308,1.872500619,8.778194672
230,38.32288792,70.75103322,11.05494522,1.615996771,2.121217697,6.215550338,2.378201821,8.68536505,4.566190818,2.073541528,3.444005858,2.85164464,0.02391315,3.124324757
231,4.162610555,50.30436987,11.6544675,1.10616801,4.135742632,3.877505251,4.070722147,5.394354046,0.052526482,9.82004615,1.154903477,0.71474213,1.028782107,0.462570125
232,56.59478183,77.60061302,19.8962252,1.071275326,2.157941808,3.242352046,0.42147978,8.343998846,3.263738305,4.985122632,4.639456383,9.020843691,4.899176203,6.518591417
233,1.410706926,10.87087202,17.68845628,0.546733643,3.895279507,6.434710141,4.58598805,0.570246061,2.653874813,8.575719871,2.081758133,8.166359363,4.873818598,8.093897993
234,22.06976071,43.19239948,19.67137611,1.753159106,1.170758736,4.267801139,4.01481542,9.995101468,4.055092227,8.909475595,1.744846619,5.08701841,0.801532961,8.009146429
235,4.966856061,96.12771538,3.178125142,1.474546565,0.652622002,5.379341913,3.966407312,6.097669364,2.855949548,9.55174592,0.589160099,7.283206787,4.920037919,5.486583701
236,77.09725272,13.25725709,15.61920248,1.180910526,0.860973524,9.287303,1.323145701,9.920246781,4.706595394,6.022612248,4.785415931,5.797460561,0.466873365,9.650123894
237,57.22607934,30.25163838,19.78344552,0.83001796,1.599822846,5.072202167,2.338675833,4.956566661,0.950555613,1.038722695,2.452910743,9.545960695,3.816293618,7.892701425
238,13.1076225,3.921080027,17.94841195,0.472436428,2.5874073,8.319944539,4.72108571,8.487464324,4.184552523,9.937280075,4.976497911,5.879273023,1.056470158,4.607123819
239,81.19013179,49.20241719,6.269898281,0.512104306,4.654315381,5.262343303,2.853349824,8.765858891,3.122101329,6.840377618,0.44021868,5.177999777,2.748912588,5.526907326
240,93.41439304,24.95862858,19.0900525,0.540612757,4.923517531,1.014893541,4.67152153,6.759382072,4.191246313,1.746985934,4.345769726,2.529276842,2.110575532,9.812673378
241,16.63541665,66.16725326,2.361217336,1.297155687,2.397155604,4.111415639,4.449420993,6.931743843,2.025372348,0.505833169,1.576958275,5.404378804,4.320553494,8.076423603
242,85.77203035,72.62256789,8.094103572,0.46034107,1.675077166,2.897398788,0.006242552,9.149667341,1.43891296,2.657041178,2.737582933,3.147978898,3.870939819,8.128220394
243,95.42425305,64.16303345,7.801061616,0.352069645,2.70253224,0.900194037,0.576590331,9.964338915,3.040828805,3.172334958,3.300942238,1.095336442,4.436793249,2.327692677
244,50.78701069,2.466373628,3.634624318,1.078929451,4.385827057,0.202374093,4.513993611,7.237394831,1.336323117,5.712982112,3.865467209,8.281971702,3.716940611,6.691243147
245,76.48389668,81.12244019,13.75808065,0.315758275,1.885998306,5.007110419,0.527449497,0.194356702,0.858894689,5.513773625,0.778671477,9.593506341,2.184235222,5.412564816
246,23.6391489,57.55025795,18.11880932,1.909320872,0.005755426,0.472309261,2.126290496,4.331717661,4.06891779,2.805590153,4.162694879,5.826008598,0.282666845,6.321976827
247,9.978498254,85.91081619,10.60463693,0.344615284,3.465183632,7.14846336,3.138536043,8.523214871,2.562101774,8.032247845,3.238295804,0.601322401,0.263900383,6.799410685
248,70.64996412,95.91872807,0.673925388,0.629959082,3.417226184,9.82116933,1.741864038,1.055242106,2.756739226,8.840663943,2.273118304,1.601320705,1.697454121,1.167023883
249,42.56834602,26.73814338,11.90568507,0.686634349,3.772150332,3.486073268,4.839965571,5.182815593,2.961989772,6.336125402,0.137706219,3.05337641,4.388340884,5.162540181
250,66.30504644,78.98118335,5.196984115,0.488099863,2.649674697,1.833038083,3.412960673,5.158407856,1.621616637,5.295417874,2.44664534,4.727394852,4.292162524,3.385498862
251,99.85697651,94.43250697,2.780424492,0.529727175,1.309485939,9.075894495,3.752525917,8.797728828,1.880472802,0.438206024,4.969533235,6.825626737,0.873122019,4.739335179
252,95.24163599,17.49766498,5.99697215,1.726731562,0.286166534,2.570329025,1.565465007,0.967372569,0.747231139,3.059443835,2.910736139,2.001962663,0.248969193,1.430451449
253,10.39377196,25.13163063,16.42701822,1.69861438,0.297345826,0.86855256,2.70826659,8.625371191,4.643135036,4.86545722,0.260198326,0.775057052,4.539631963,6.153446617
254,15.04603203,64.90019646,12.64309009,1.700483292,1.181473364,0.425468621,2.271173239,9.011517797,0.722187669,2.779975396,1.312912739,2.315224237,4.08350009,5.966252118
255,91.9720336,57.12155697,19.49817756,0.247757081,1.252730007,3.180342072,0.755085225,6.113417346,3.031660108,0.610627967,2.985112604,1.271644972,0.440025054,4.288922731
256,80.45555363,97.84855511,16.60672555,1.598487431,3.533297044,1.109957259,3.908449283,5.876822509,0.877110935,4.750518248,1.288695757,9.871488609,2.056830798,8.404715673
257,43.18054252,56.15357585,3.07730203,0.949034923,4.271054771,6.071708541,2.599669427,6.154425989,2.475744074,1.51869082,0.030800768,9.962865175,2.798651194,5.951761947
258,22.71445243,47.08522815,15.25240937,0.881176323,4.715084469,2.694824,0.947740767,7.570503516,0.077892678,4.34410886,4.700159528,5.058354102,4.922667577,8.172939409
259,67.3106752,13.36417522,11.63576798,1.507886428,3.165863426,4.473563368,4.706639181,7.494785795,4.976272902,2.392124352,2.256606515,3.121387854,4.464129729,5.801350523
260,20.24506555,48.33180535,0.932936121,1.223283581,3.450340055,5.861954433,3.699915682,9.812543724,1.434796641,2.057840586,3.538622679,0.930142363,3.315255084,7.754574199
261,17.70038446,45.96993533,6.52265015,0.786695552,3.878564072,2.88217122,0.509166294,4.016005173,1.386583468,4.838305857,4.843348546,5.066694356,1.383777838,2.068767168
262,86.48291505,51.50137213,12.7566573,0.960899831,4.244719837,9.676246661,1.279055295,9.567050148,0.632343474,6.197715814,0.824075076,6.985975563,3.558630883,5.758701643
263,47.63629832,69.85955822,18.29205789,0.134261491,1.01952962,6.323010474,0.047987946,2.854966834,4.692546332,2.163443516,2.192213324,0.398536072,4.424617546,7.683775597
264,61.16208372,55.56607723,9.669050134,1.766628407,3.225632554,8.293257756,4.415592878,1.964114692,0.538932288,0.943908248,0.307489676,7.577603775,2.989599909,0.024654517
265,55.09887921,64.76323009,6.170622363,0.728819417,0.997979432,9.198772815,0.363869551,2.433575693,0.640932954,4.612791832,0.157335879,1.713038609,3.397471985,9.087095746
266,31.63061424,6.009912966,8.602414002,0.90981356,0.854049027,0.539816004,3.424166018,8.175802194,0.807424804,8.761047815,3.999259306,5.034463308,4.184033472,9.262833491
267,26.35892818,4.788258573,14.59280231,0.299729746,1.698183003,3.69403109,3.377239309,1.68863927,2.680993935,2.196082313,1.190697053,1.656868902,2.151790246,5.853691535
268,65.98409518,81.6003129,18.47615817,0.638833705,2.055043791,7.289568375,2.718858459,8.405686049,4.824097708,2.455253189,3.614819938,8.471676137,0.096689066,7.423931596
269,53.45369535,78.3882059,13.45157028,0.549866652,3.108148009,4.299630126,0.178992157,4.875913183,1.593373706,6.051132658,1.238714341,1.054883899,3.516288293,9.204563567
270,79.39993999,63.64913442,8.760553152,1.29654511,3.302701805,8.672530938,4.593821793,1.376755305,1.087773194,2.026353974,4.729124482,3.169982105,3.50779171,0.95956395
271,47.6666467,22.33546843,2.236280771,1.633222307,1.960697403,0.317491002,4.253902001,5.834790688,1.153908426,1.767232924,0.419632868,7.787885094,1.500939896,9.222045197
272,96.38611563,4.597672617,16.59719745,1.91598145,3.419653937,9.297285882,1.930853792,9.132180285,4.578106427,3.434503026,3.735701943,0.536041323,1.095263774,3.636592226
273,80.25056449,60.56305153,12.19385419,1.975298659,0.88347354,3.28988079,1.439815573,0.760317109,3.634600145,0.791319912,1.89859109,5.682383342,1.783349776,2.911642922
274,9.197302093,75.84499455,13.38811877,0.633755518,1.114491253,0.162402501,2.038441068,7.35877649,0.225035812,6.673513113,0.455053411,2.751482237,2.718813827,8.59084592
275,3.629188622,26.1213863,17.41032378,0.910209422,1.368241016,4.416787421,2.638728243,2.363719141,2.483029139,6.817537811,3.16483429,4.746302004,2.448454362,6.90544175
276,95.78234796,73.3272935,6.128810196,0.22632789,1.647867794,4.382075139,1.686298704,8.279178135,2.539064127,6.920854759,4.710422454,6.965046618,4.652730766,2.276505155
277,67.16575555,46.4814396,3.782343281,1.847898404,0.162340765,3.933840443,4.56550327,3.047112327,3.966945878,5.747405306,3.39051556,6.701616858,3.493232071,6.404277161
278,84.51271285,98.60126391,11.8210889,0.516325589,4.824753721,5.367939923,0.999839918,6.841689974,4.637776895,0.861057658,3.112444515,2.704693185,3.903203018,8.027994525
279,21.10987524,52.33483647,19.61940505,0.410819748,1.983845561,9.478190887,4.375288869,9.570492357,3.292846394,0.5379297,3.092037525,3.625703918,3.248581996,1.382638683
280,58.25129684,82.21045821,9.534545845,0.266282843,3.487472742,4.346920212,1.140901683,7.763271338,2.621924349,7.911868301,1.594811972,1.638026198,1.453884308,3.690835238
281,35.61896227,54.14020196,7.624198334,0.579723504,1.941568646,5.712952338,3.78005496,0.922980524,3.865414322,8.367738101,4.098553276,7.510001599,0.185381378,5.660492986
282,42.79006594,90.78287032,15.51938359,1.721898515,3.030637841,5.112662801,4.07698026,0.388857241,0.412540281,8.802674917,2.509814754,0.295359829,3.499683469,0.67983347
283,76.61482684,85.53484117,5.428512782,1.215893446,4.605999609,0.885259544,2.2789034,3.932935589,0.176647359,8.340555514,2.720130967,8.3733253,3.007884614,7.943561609
284,20.92913517,71.7118204,7.868855205,0.757398705,2.941090814,7.868056978,4.184474834,7.177432602,2.284538906,7.220926675,4.366845607,0.85901325,0.041595588,0.188222103
285,71.8251909,18.19670231,14.49989055,0.6664067,0.802411493,5.553162301,2.769253234,0.738070506,0.272743007,2.978765388,1.07844325,8.972271766,1.296883208,0.316475245
286,33.1083277,66.64814583,10.27620402,0.922831277,0.620844018,1.318196426,2.143020124,3.258107608,1.487418754,1.101534577,1.204080717,4.346100548,1.757032965,8.6265225
287,86.59202074,35.97468865,3.574731005,1.680648146,2.366997535,6.203541635,0.225538827,4.058288423,4.260950213,5.208706015,3.92899441,2.149071577,4.223122571,6.768733315
288,26.9491701,14.20427426,5.442951017,0.088451023,0.102299076,9.835753357,2.358123532,5.059304483,3.988148356,8.257720013,0.016579322,3.416371686,0.367654122,9.673283559
289,98.54028368,91.68511442,7.933286961,0.238617837,1.110638077,5.972414634,2.429441157,1.849088639,2.941856082,5.364610518,3.004162226,9.928842607,4.584892386,9.744708468
290,83.39208479,85.66470444,8.333806725,1.131282241,4.311235228,4.614496898,1.859417491,6.198724293,0.376046607,9.392988862,3.409632733,3.591817825,2.315574492,2.479220388
291,10.15885891,63.73600392,12.66932248,1.288423849,4.645715742,0.512952231,1.904911165,5.141271072,4.788215961,2.415880653,2.577807935,4.587608511,4.459260646,0.298834179
292,99.01478047,14.96121894,18.53531137,1.387168208,4.042243362,5.477832355,0.063209511,3.261859524,2.784509506,3.695802774,0.348109877,6.178314231,0.862096514,7.003364852
293,26.54064018,35.2907295,2.299614025,1.579907733,1.09218776,6.07821761,3.459815841,2.334818538,2.304540827,7.474420416,4.264845498,6.914472066,0.745812219,7.866667801
294,27.04310804,45.17647721,0.409222357,0.027704567,4.322526593,1.89947736,4.006102786,4.289423299,3.784947162,4.298130465,0.853740021,3.465579668,4.485018788,2.305561929
295,52.77242359,3.04573317,11.33285851,1.966058029,2.176071884,8.697565135,4.298326845,0.106241908,0.533041482,1.22019546,4.828060698,5.919900315,1.471369183,3.979830487
296,94.52467382,88.16679482,10.72231894,0.112362555,1.159747743,4.214983829,3.317113347,2.245285606,3.817976033,9.663430356,0.47162327,9.424068961,4.967262189,8.427623141
297,20.54677242,90.43746551,17.02917927,1.9414569,2.224592507,7.258201457,3.64618957,7.039142938,2.10186484,4.935868444,0.90717149,0.057855314,3.092669898,9.87845684
298,37.18870274,6.168745327,17.90125796,0.555767812,2.612115193,9.270226724,3.611119391,3.865524268,0.281321442,2.277104247,0.544446766,1.07737207,1.960981494,8.972973048
299,68.54887738,4.14730404,17.37668363,1.542087334,4.915671416,1.722110585,3.878617129,3.045678786,3.510625503,9.694239245,2.174456196,3.228034577,2.532270351,7.406978288
300,36.01207038,72.31389721,3.799176271,1.637266482,2.692770341,0.136412386,0.637050891,1.34894983,1.300435868,2.439779983,4.044178952,6.01542762,1.341400352,1.33403162
301,6.426983498,17.1641592,3.862591667,0.151520369,0.930490736,4.977235162,2.949354608,6.330447207,4.600949671,6.9632333,3.226619533,6.267804349,2.6630316,1.138563143
302,84.25573394,56.874113,2.97739286,0.663427634,2.745114648,7.066847871,1.158934174,5.679933159,1.163464213,0.48222212,1.372206228,3.141198562,2.927002277,9.92772004
303,40.13540259,64.04879393,5.122106267,1.032516276,2.503632697,4.320822943,3.563225079,1.081634809,0.499645412,0.780267933,4.242704733,3.334668882,2.491827999,5.698272451
304,71.49782846,92.48809268,14.23461314,0.342805023,2.490810885,0.994690682,3.094860651,8.992963059,2.907460388,6.323556447,1.62324777,2.058161649,3.615465872,3.839762628
305,67.47011555,9.008096442,5.67463875,0.812673094,1.853979712,6.388871504,3.18365424,1.111364278,1.805211916,8.479052108,0.218779964,9.699629823,1.583506474,7.705750069
306,59.86110657,82.92669856,4.74417694,1.161991785,3.762689985,4.913046906,1.094321553,9.097884563,3.080670782,4.025522862,0.340130904,1.133014978,4.173294111,3.025381719
307,57.62149942,87.93437868,14.85014734,0.063630509,0.186612888,4.946863982,3.248350174,2.904702427,1.793098877,7.817973052,4.681406529,0.521878117,2.169538686,9.830160729
308,30.39203322,7.19484112,14.13856043,1.082210693,4.890180003,6.025050333,2.308684792,4.239085694,2.631287284,0.406286974,0.948002467,1.396121058,4.239980856,5.108102589
309,71.28423108,27.11956183,4.403735665,1.773445847,2.685327516,0.924017845,4.553729233,9.696581658,0.437958266,3.26563497,1.119474957,6.699188666,1.885996614,1.696582696
310,10.98731529,67.23242233,7.057282007,0.713316239,1.355013728,4.596821231,3.726025894,2.582745367,3.047647668,9.121912567,0.275762813,1.798874886,4.694137193,8.064298857
311,69.23151768,15.74116334,14.77899168,0.440398661,0.092186948,7.66026587,2.259082934,9.627490812,4.376380328,7.338848129,3.587073843,2.829838322,3.579132515,1.364982846
312,8.636736703,88.87075168,16.53879277,1.150786818,0.679458277,7.624930519,1.548475557,9.798122511,3.769208127,8.98640119,3.817719938,2.782074476,2.598709797,8.634047682
313,45.0270496,5.823599444,17.86440556,0.860868109,4.964110567,8.106158789,0.322318569,2.720551738,2.643606632,5.417469551,3.799017241,1.697319189,0.007763842,6.234748457
314,52.31351268,57.33566597,17.11890358,0.500695773,0.823005574,4.99619826,2.73017873,0.282673261,4.585362376,1.420590222,0.645012638,4.720172155,4.647158289,8.672259159
315,92.68200155,41.46060098,5.771492927,0.590589854,0.39231339,5.222990132,2.0713308,6.819566264,4.247188852,0.111068427,0.945488266,9.245557568,1.660758313,6.474489618
316,65.7897134,38.27497711,17.10248615,1.070076074,2.377423637,9.164590583,0.765287883,9.747872642,3.400065894,4.800280544,4.5965182,9.83636779,4.674813086,4.30968098
317,89.9304494,94.99338946,13.48030201,1.038383901,2.317899632,0.765519242,3.832459912,3.170369195,4.946089356,7.67361937,1.300592432,4.044246718,3.832225658,3.857273586
318,82.91252444,55.29355255,13.27710492,1.14004961,2.099820357,9.972497503,0.224131822,5.43629186,2.165744904,9.280569481,3.555629523,9.087692985,4.271588144,4.748062816
319,80.04520407,34.20892714,3.367506378,0.368478654,0.615188717,3.327697264,3.299147935,7.660102106,1.476603346,6.787307142,2.340686793,1.343311304,1.250368347,5.641826054
320,14.40718083,72.0403141,9.235216007,0.337075506,3.150201398,4.653318862,2.479399907,0.914556167,3.572857011,1.59905973,1.423483064,8.031830551,2.403628201,0.138697369
321,22.16877172,73.78800123,14.28392941,1.177337233,4.905454973,8.483846748,3.743633512,8.831383478,1.318185652,6.241060548,3.197060303,1.573946738,3.477435475,8.728206079
322,7.902557804,75.30809209,1.075371445,1.190139873,0.244447284,2.192641118,0.095534866,8.663138225,1.339925595,5.325175295,2.251469404,6.026688702,2.329658031,6.226766546
323,87.58320084,88.85445598,6.921235187,0.836357644,2.727881224,4.802970228,1.637627733,3.586118048,4.852163845,0.118983824,2.767868183,5.140166691,3.211388643,6.356720212
324,21.75877397,59.02991185,9.908120595,0.793330353,1.481642619,0.973298107,1.381123524,7.962629557,2.188236464,0.179864558,1.096316002,1.843550377,3.190529691,3.587905626
325,58.57668547,48.18433513,1.658954706,1.928337861,4.881209701,5.397369914,3.539582242,9.115581371,3.551678129,7.721377468,4.80676875,7.10834052,0.859215216,3.879345453
326,43.12917595,76.05664211,13.90901646,1.876920127,0.52916294,7.400153723,4.172321299,0.566325826,4.234859222,4.213327457,0.359762735,2.970861478,4.1523787,4.721849677
327,5.833137288,84.33470358,13.66056342,0.848912373,4.063620634,1.612547123,2.058837102,0.812447146,2.716053108,8.161495329,0.408432095,0.862654606,4.851214139,9.18686992
328,46.6342673,97.04096252,0.659441888,1.623890514,4.221236337,0.398046384,2.759712505,8.544359362,4.860759197,8.978454486,3.284730819,4.122896554,2.870826949,0.684534957
329,33.3924351,65.84829433,14.17548149,1.948065073,3.08736281,7.105221302,1.603429243,3.721644905,1.175504484,0.702943742,1.6954134,1.196232817,4.304001168,3.450378937
330,73.35319023,67.92911976,9.089109754,1.006695142,0.484452359,8.859520408,0.983762832,4.798096921,1.559244154,3.934582021,4.73987533,6.793098622,0.337538157,6.928819658
331,27.16315411,46.2377731,15.67717354,1.001791276,0.42865818,5.881402219,2.979378617,2.255446527,3.312581192,1.073153693,0.329579853,4.766978313,1.917307255,8.551327787
332,38.18946375,16.34970378,17.24954338,1.453254522,3.397171901,7.318659104,2.293652672,3.674938157,3.503041865,2.132205825,4.401989879,6.470615459,3.131454614,5.241346758
333,8.382920501,45.83695123,16.78775538,1.385954656,3.66874978,6.001984063,1.539594955,9.294126193,2.260407634,3.660464311,2.203635249,2.462506716,2.877172138,3.516120561
334,81.68935351,87.09459935,15.22694869,0.48051625,3.91608019,0.853999077,4.945971581,3.980249566,2.360294345,4.946623129,3.149337933,7.110873301,2.829324548,3.80570306
335,40.27651448,47.79085379,17.72510966,1.41704992,0.128469805,5.244983744,4.959445729,5.845366953,2.596241527,5.774735076,0.994721852,8.159037793,4.599461091,2.857592756
336,79.19084594,89.54548686,17.75749689,1.470503619,3.317672041,5.043233961,4.891922507,0.421726844,1.133699363,7.56618321,2.397332511,1.556674923,4.858406295,1.580250089
337,30.74036476,86.62231199,10.94248353,0.391801362,2.812782326,6.245336677,0.191907466,6.721087226,4.484719526,0.275639594,3.902352055,8.78278741,2.031229894,5.204712571
338,68.16195991,52.57063304,8.6410364,1.69101174,3.330100375,5.174649945,1.01840642,3.952011878,4.451440517,1.704311598,0.427635848,3.719974967,1.29933236,7.175382698
339,13.54246355,3.434013725,12.5497572,1.834573639,0.794393451,3.377984708,2.742512947,6.973573637,4.114887506,7.971335071,4.331519989,7.653358036,2.10424401,3.7729113
340,65.45672793,76.74389383,12.03755916,0.145425028,2.189200704,2.221937766,4.206620188,1.97325024,2.897535506,6.457964912,2.749044429,3.696350344,1.626824377,6.781411875
341,30.25757324,37.09571585,2.389457196,0.733341485,3.899422322,5.632873429,2.596046089,7.704195759,4.386611687,2.585775343,4.751761735,1.938065023,2.452420222,8.664355431
342,4.423048918,32.23379094,10.87956698,0.625104577,4.3542323,4.459819083,1.693941399,8.715182625,3.908135815,2.33977405,3.764962721,2.879913454,1.268836323,1.270960817
343,12.83219794,47.99754376,2.5663368,0.983925285,0.96685017,4.737976841,3.406158227,6.278273853,1.051725289,1.698332818,3.664553863,8.219633676,2.608067405,1.893347511
344,75.35344111,0.62851219,17.27620877,1.02403554,4.012583682,2.497673855,3.479454399,7.207593924,1.418204128,8.566351756,1.065163086,7.534009906,1.079567025,6.456456104
345,18.9343184,27.47860221,10.48464782,0.642973743,1.425943309,7.199063764,0.884974273,8.383903229,1.208070284,4.441845713,1.91717697,5.360932194,3.959005703,0.041289894
346,87.75983583,3.258305042,12.28862429,1.797783123,3.945989856,0.781947134,0.724925414,0.350482113,3.535853569,7.231486378,4.448021541,2.222881788,3.123379936,0.167922624
347,86.01316986,95.22229365,4.259466766,0.418030403,1.515666373,8.235906256,2.886365224,2.061997358,0.82778365,9.427431725,2.28131181,5.509788465,3.995170758,2.374218101
348,12.33710225,55.86707106,10.63917076,1.281917785,4.785598057,3.202167265,0.274791763,3.526320568,3.740326674,7.281524037,1.807185299,6.888980401,1.631140916,4.526354767
349,49.98365038,79.65952988,0.389005958,1.769666818,0.571258189,3.567486579,2.892272136,7.378530022,1.149370594,6.156288471,4.387317751,5.87156567,3.68779041,1.11939921
350,38.76864398,58.7706167,5.732313357,1.430769589,2.38734697,7.402344842,1.829925556,3.631424709,1.035980043,6.629281699,4.462347147,5.018230421,1.758182119,8.242213183
351,10.88623705,63.40578732,6.051443286,0.037238134,1.137381422,1.940717806,2.148483415,4.62210109,0.844822991,6.285294171,1.947272613,4.539709515,4.81240947,7.140126601
352,93.26314268,64.43601787,18.72461915,1.652997352,4.121394324,2.287905031,4.281724005,9.495916629,2.804674498,7.953731437,0.15204858,3.509895603,3.992798485,3.89700813
353,9.948403904,14.66691956,17.77497799,1.955158683,2.790693926,5.803190082,2.633379174,7.694181234,1.409394915,3.525420515,2.045770393,4.615600154,1.969401792,3.7694349
354,39.11245233,16.13007484,2.765060595,1.092362712,1.994803104,0.707100465,0.566303354,8.902073307,4.90043493,9.71215036,1.246879686,9.762548885,0.882427442,2.194031543
355,53.92308885,36.23812083,7.903629058,1.996857614,1.614258855,2.082437853,0.546542947,7.251317961,4.167751818,7.990497588,2.658080204,9.889999214,2.439228451,5.570249696
356,28.96651271,88.31587776,8.470899839,0.365514368,0.55444072,0.254710326,3.159066145,3.819750474,3.720874218,9.238265403,1.461931148,4.700776915,2.579800711,9.775079868
357,11.7543507,36.42937169,11.0320792,1.484790004,3.005828119,7.484784721,0.35984155,7.524473367,0.332103473,7.454484426,0.468227063,4.291435811,2.942640446,1.086466234
358,68.29056261,7.014226754,3.32100646,0.527290481,3.191440054,2.920052908,0.817831186,2.944580364,3.20364623,7.20662985,1.468815427,3.444251454,3.37116871,9.443142012
359,86.20751534,97.21264565,11.39015887,0.389802659,1.340593462,8.079563652,1.778973986,0.878214648,3.323637486,4.233767821,2.649736648,8.69750873,3.570022686,8.326381181
360,34.60342141,61.31824091,8.993242542,0.846942953,1.58620311,2.415481342,4.392272312,1.160854994,2.601967202,9.317290489,0.087082852,9.319225806,3.253492747,9.796887663
361,44.82925223,10.36984358,14.9709985,1.990465854,1.407501725,2.953305499,4.499064613,2.758249023,1.727843622,1.257383479,2.86038363,7.256207056,1.986667806,5.466330486
362,32.61740048,76.46684024,19.68918764,1.950658854,2.167514685,8.732519231,1.749998854,4.543998152,0.608948779,9.883597799,4.188850479,6.067192064,0.473908578,5.17780893
363,85.56192329,74.37597199,9.35971837,1.879146145,4.099134035,3.39896626,4.461085459,4.763477462,2.703050864,8.536354995,0.547155121,3.595137175,1.23636247,6.850564551
364,82.16066343,76.18662009,12.22994188,1.62933795,3.351037513,7.075983705,3.793131615,1.947138782,1.066304995,7.748661672,3.845029467,0.493928373,1.006756031,4.471521462
365,64.17890256,59.29714023,13.58859229,1.451942815,2.489676277,3.924744199,2.518327339,3.069370555,0.149045974,1.975733202,3.887990871,5.099290251,3.430089889,4.392486603
366,44.17292086,74.87880919,7.354301772,0.250862887,4.778286556,1.411075066,0.02053622,7.121659162,1.568441204,6.10747841,2.623008923,5.980943154,3.350873824,2.496767808
367,93.78353443,39.20528527,5.077491131,0.143473589,1.52885054,2.279350071,0.905011418,2.412307877,0.348693043,8.854656628,2.606429286,4.629075164,3.410250535,6.064416769
368,70.26614038,13.67572355,6.218307221,0.744379622,2.469374623,4.083686894,0.892289927,1.867342221,4.337853187,6.87475765,3.630120317,0.018993549,4.4023864,4.631033934
369,51.27865303,82.7094707,3.097906216,0.37630049,2.91834285,7.69006567,4.246598708,2.461120683,2.610578616,4.335513336,0.249317297,9.261724889,1.350145796,4.340835746
370,43.56227088,43.53418846,4.004057055,1.050664911,0.683607429,5.185328425,2.788621106,2.024637747,4.935268878,0.311634536,0.129862899,9.780183189,0.602646121,9.287973716
371,44.49050901,37.20531235,16.13972168,0.577877515,4.083026258,8.531600135,4.753834097,6.041113645,0.730895497,7.75638181,4.901053132,4.154579241,4.680855438,6.548750468
372,98.16947297,99.13883558,15.62740242,1.332257048,2.013340158,8.936675669,0.915567556,9.644257799,2.406411064,1.628536113,2.526550654,3.318519062,0.560537915,2.948151688
373,54.2631307,76.88683236,1.153214263,0.123529044,3.144228504,0.386134146,1.035568408,8.50228018,2.336513555,1.269979671,1.212067967,9.640982424,1.480390667,5.308975063
374,69.02214458,21.01327268,1.323953823,0.169191636,1.680302552,2.776378392,4.438916232,6.666316754,1.280094797,4.433038525,4.364672383,6.669676672,2.247224534,1.537785314
375,69.67329728,33.72105629,6.382481937,1.627270552,1.663383212,0.943054215,4.134296686,7.722257638,3.626787045,6.877475857,1.033291166,9.033573537,4.066185535,8.499760462
376,18.65525014,61.4306184,15.8298828,0.074157948,2.564026817,6.33901112,3.775805761,9.268097715,2.830564115,3.441996307,1.652638615,7.229208195,0.257855318,2.639597438
377,90.98443073,60.87911427,3.961791421,0.185909996,2.966108951,3.63067596,3.666992576,5.608767158,4.210341036,2.65348686,3.42349703,5.34279373,2.54957344,5.936183234
378,14.73008042,79.83240161,3.54757739,0.703976225,2.772491473,6.668644311,4.343519381,9.403585126,0.832876473,3.610233738,0.497600267,2.690999149,1.045089933,3.919782731
379,20.49531298,27.94195106,6.842996907,1.015514125,4.078200737,1.217913224,0.595389929,1.138933568,0.306633411,6.582220611,1.977681127,4.368842308,0.056130274,7.736889468
380,44.62230735,98.11984606,0.555355922,0.131056146,3.587943202,3.581674833,4.159354709,6.385864136,1.057440216,2.314145799,1.996977533,8.550206974,2.065660405,4.170492512
381,68.67996485,32.07947033,6.974158921,0.700624592,4.341335698,2.345872453,3.330928948,5.960585723,3.472117567,9.050116229,3.833477795,5.132872326,0.788980498,9.613294999
382,54.81393705,10.64225506,8.506445836,1.549245503,2.841108596,7.186264194,0.853298044,9.431314304,3.927817291,0.325309988,2.004777281,2.769576026,4.118646918,0.609078059
383,17.22847037,46.68904709,4.591492983,0.841772072,1.046989659,6.808475871,3.219464777,4.432293938,1.824406356,6.264380147,3.988921002,8.103973891,1.862561274,0.133967824
384,42.27926563,50.48070505,1.369649264,0.138046061,2.275830211,6.885469322,2.001174505,3.216518607,1.634524793,5.087182325,3.175001418,3.77066527,0.965710685,3.514664524
385,46.90574247,45.33947649,12.09876933,0.615045985,3.560872286,0.559933413,2.827899245,1.314543055,0.219741547,1.085059405,2.15017475,2.900457515,2.482395783,2.294072459
386,14.25311221,67.1824149,19.75815357,0.79109296,3.433672016,6.130890661,0.477815567,4.10714738,1.865175679,8.532429335,0.370118751,2.345181887,0.012377619,3.942721605
387,2.134519225,84.60127462,16.94774852,0.608318219,3.159664507,9.597043191,4.108728643,3.344973694,1.756378504,0.631534663,0.503573083,6.051638435,2.712620557,0.892085589
388,11.37479106,93.44375475,19.95003492,0.220097934,1.197070795,5.531850315,1.393812354,6.569516902,4.529877999,1.169328522,4.117135806,5.559044452,1.071952483,3.066159762
389,48.31121711,90.04588024,1.630405605,0.868317452,0.320145024,3.603128533,1.479843102,0.763482296,2.03357759,8.594466592,2.867771012,3.854140748,4.049984667,4.508612316
390,94.56262021,92.61250572,19.29563632,1.155470795,2.294803705,2.10193615,4.465149205,3.537342744,0.189811785,9.85191798,0.001263116,5.76338262,3.387754282,7.283492925
391,66.61373897,52.88602245,11.73932227,1.159684021,2.089809918,3.962074077,0.492381383,0.477692945,3.8300282,5.967429244,3.208133152,7.747079195,3.600048404,7.223977051
392,68.76150918,1.111177093,9.976771889,1.192328193,4.297807634,4.58313265,2.207509875,3.443213744,4.993278854,8.735824841,3.466460517,4.655664852,2.912966192,7.322550944
393,46.03436029,97.85725952,4.340822088,1.75848889,1.37862551,5.849224432,1.851808131,2.555070655,3.96390628,3.770980738,0.655420974,3.198487454,4.748767933,1.866190749
394,9.703822184,50.03305156,4.195496842,0.193651681,3.843590177,1.337518669,3.995644317,3.906891858,4.951764445,9.528957173,3.280465539,2.434795042,4.797609369,7.200808512
395,60.04662784,24.06639569,15.90578152,0.125095706,2.06549596,6.451105397,4.936835231,1.611052805,1.012355882,9.185435354,2.992286402,6.632943838,3.742621743,0.508316286
396,62.69900753,83.39599934,7.822167994,1.290835715,4.814166932,3.391781793,2.158396392,1.461711425,0.495311275,5.795038933,0.739012186,1.480002283,3.754613407,3.151187516
397,77.54178747,85.24714329,15.37170672,0.76644829,0.036945654,3.780501955,2.131595693,1.775340287,1.36592851,1.314768413,3.637528505,8.562339343,1.994102227,2.83339805
398,47.26233667,9.90188369,4.543216174,0.538801656,1.838808225,9.423100116,3.103109414,5.198524473,2.802425726,0.885764187,1.345032392,1.418919295,0.110348029,0.940628414
399,73.44315088,31.02618017,2.586178059,1.343431056,1.561050013,7.967904116,4.991869114,6.744404815,2.768508571,9.252722069,1.646195035,5.390407891,2.840272381,9.548910599
400,97.89303041,88.52261008,1.026054776,1.784706485,0.696220441,3.837656735,1.372785027,4.390187727,2.428685329,2.939129453,1.359597704,3.990187929,2.635199774,4.138268018
401,24.02901438,22.07661309,8.71115337,1.596830146,2.662076791,9.763708203,4.77585282,5.554513527,2.124573729,5.832426423,3.313426262,8.849865118,3.214621998,0.083634741
402,66.1676189,68.14847837,14.35526455,1.31591801,0.538049998,2.980970958,3.486758773,2.217799466,0.677217089,0.384593911,0.049237038,4.094975788,4.949095968,0.577397682
403,72.48235704,57.8043914,19.57270204,0.780267582,1.267610159,0.040030091,3.114931986,8.096236887,0.696569357,2.531721178,4.582812338,7.082210901,4.70098047,4.447008873
404,60.37131352,58.92191394,9.825598544,0.101011666,0.305005268,1.807715067,1.486613931,0.071063536,4.677265867,8.662862711,2.883314416,4.416530204,4.451772156,5.672566483
405,9.534778961,5.663847241,12.32703371,1.369654792,2.347831911,1.088716047,2.228818823,4.574503192,3.143335974,5.530233678,1.019542758,8.576477421,0.221167106,6.606382492
406,19.05653732,99.79689278,2.017371982,0.79870439,2.856111993,9.319898947,0.31683428,2.488772774,2.227767164,2.838561433,1.689185412,5.844882579,2.85384287,1.413307168
407,51.38287099,8.586818328,15.11286807,1.543439356,0.475640498,8.201744952,2.458684458,3.874755599,2.183502508,8.899387757,2.306928168,1.219650819,3.647074394,0.864115393
408,59.47246646,58.01466493,13.9889575,1.057752235,1.463647419,8.813136762,4.374593344,6.887284457,2.706154002,1.201670818,0.868482262,4.832931318,2.898596965,6.877256241
409,22.87412992,59.52141277,0.536339361,0.866648057,4.932640305,7.925725194,4.05124016,8.330667397,3.803846813,2.221436036,1.671685293,6.343568739,0.610022753,1.815305773
410,12.507229,44.19495318,15.30648066,1.041392565,4.437165918,3.860443178,4.631118794,2.788399011,1.655896544,4.962444053,3.034457096,8.669620749,3.916540706,2.440690091
411,60.73953568,62.7228294,14.54413377,0.659308987,4.868950207,6.409946104,3.632039421,7.289386483,1.104082723,3.767453843,1.224935463,3.032803514,4.82082971,4.824023539
412,72.44999782,7.952531141,1.713841632,0.090645678,4.571379003,7.831940604,1.659544081,2.652919664,4.22768507,5.496010398,1.53852887,6.16903011,3.002538753,7.643668913
413,43.54061148,79.33964177,19.4686418,0.284274293,3.131851471,1.134727753,3.56661779,9.606486426,0.144467868,1.502297914,1.251448516,5.627934285,3.070458289,4.19458514
414,54.66285153,62.98415475,10.68657314,1.651348349,2.26400492,8.725314765,1.419689621,2.514799625,4.842579404,9.956822353,4.986279487,3.366789721,1.104748344,9.858621273
415,19.14322245,18.75451196,6.44063725,1.683694015,4.495213295,1.697435283,2.658933022,8.875318374,1.613558373,8.943347933,3.047775018,5.649261001,4.553542983,5.018201518
416,88.37206916,40.2905534,3.875101347,0.41416049,3.926358233,9.989628813,4.027166115,2.090354511,0.644862233,7.428414068,2.732379392,2.087079127,1.827565934,9.401205717
417,7.290829289,13.88641552,16.87688952,0.059066574,0.578208953,0.346149694,0.341433605,7.948978274,2.878522736,5.232987688,4.121787164,9.736986786,2.384765507,3.193063117
418,81.46271319,15.09869731,17.82892088,1.663464283,4.628760775,0.036250141,4.574297679,2.614296702,0.457311726,8.082724937,4.675228323,0.966832496,2.400366916,8.863900391
419,0.294365173,42.10380698,18.6616023,1.564629182,0.753618819,7.337237916,4.963802886,9.656225867,1.920509618,9.604911393,0.869410972,1.318563085,2.962420993,4.794496316
420,41.66842562,48.44020276,13.62154798,1.726281547,3.471868335,5.314982807,3.340516597,0.84615627,0.240673772,8.674999239,0.603682134,0.89756883,2.138091489,3.288375659
421,57.39847906,36.906157,4.914302199,1.462233619,0.70666902,1.712972378,1.192242326,9.221447076,3.755591472,2.249991835,4.911438855,4.99290631,1.157043387,0.371751137
422,61.06687262,11.58665953,4.610708401,0.206632427,0.37380582,1.294658478,1.969308712,6.483533308,3.171465667,1.567847412,1.607154805,2.916790105,1.115853873,2.973493482
423,66.98289422,92.24188159,8.413644441,1.816804972,2.95604611,8.844260826,0.101830068,5.654782264,3.938724684,5.046478374,0.265898156,1.742175693,4.77711279,1.100654421
424,5.865656793,61.60592139,0.720642601,1.200260538,1.510301127,7.211677629,2.063023917,4.138073397,0.558548481,9.470184874,1.991768418,1.113542141,1.924631087,4.779345282
425,83.66603534,12.98236322,10.03793982,1.790298989,0.892890789,7.371805429,1.840674234,6.0897348,3.331550192,4.292549601,1.836445451,4.488653392,4.980119007,2.878696156
426,25.00043197,55.26334066,7.491248414,0.274750727,3.793736554,6.568286047,3.032788706,0.795250351,0.658436854,6.978561383,3.791342912,0.439586383,4.983312386,2.991520822
427,43.78205179,20.83744964,3.499622722,1.606980333,4.821404925,0.733722618,4.929889458,4.822107349,1.367960337,6.174937759,3.87185048,0.998970917,2.187663417,2.692095067
428,88.67418344,23.60557411,10.93603996,0.046026011,3.757091714,5.577897362,0.13217622,9.728482565,3.005770278,2.486351204,2.699007285,1.360940727,1.402686689,9.03064778
429,96.25339578,34.76892926,8.888896713,1.355587265,0.065428464,6.630398464,1.048579701,2.700825088,1.670370247,2.906803835,0.120023498,8.279385403,0.843873719,7.07341555
430,77.4609556,70.54274723,6.706755885,0.094079949,2.597164243,1.652661442,3.174872318,2.271213707,3.158693983,1.430623876,1.889769414,9.95963735,0.946476165,4.031856814
431,29.48645656,30.53105598,3.04291366,0.996401936,1.752271086,2.159620635,3.871803607,5.337263388,3.608428119,6.951810502,3.037788931,6.303308462,1.333633654,5.86559511
432,89.02832644,1.807128057,10.3940821,1.232178382,2.207287489,7.349636261,0.342895787,7.545079017,2.174110511,0.845019336,3.129142554,4.069063431,1.807292679,7.540993239
433,80.96685201,39.98425048,13.90618584,0.919099813,0.670565825,3.471945161,1.358865459,1.891618084,4.150457371,0.716522339,2.634474742,8.33245612,2.010621351,2.803067718
434,9.091384683,68.59653022,7.295636847,0.404166438,1.182859933,1.63313569,1.355585854,0.458532894,1.200948163,4.403122851,1.913583959,6.564963587,2.019900475,4.093701734
435,74.87628511,42.3995899,3.143908713,1.814649454,3.48257557,9.384288605,3.819038522,3.408470519,4.761837037,3.186263137,2.818498789,8.511558834,1.018075487,0.283356714
436,90.11944908,2.818483531,4.058954667,0.985608832,4.546034629,6.950727636,4.853633527,0.640554508,0.981955597,3.30161823,3.401496761,7.603627389,1.163014998,1.400255883
437,21.42443304,27.24707542,14.71945221,1.135813961,1.337654621,9.734309086,0.701371146,6.015266508,2.44733293,5.550257077,0.668557158,4.556106365,2.730619865,4.077503656
438,53.78965146,9.448243706,16.04791787,0.598620848,4.760407483,7.273202639,4.143374545,4.475899152,4.429888054,3.376525634,2.688092324,6.950634197,0.554641509,0.506489201
439,45.18882638,43.69366078,7.236419454,0.76259337,3.719042333,7.577773121,0.994592543,5.450394315,0.589813503,5.109568347,3.370859456,7.699584671,1.132002011,0.226524125
440,72.94457209,38.92611404,16.01484481,1.692463203,0.462132878,6.363009799,2.319445383,4.895221083,3.068566576,6.469010425,3.192642464,9.316316945,1.619191736,6.302492749
441,64.70103312,38.5719268,19.80661927,1.812337539,1.976778059,7.785632551,0.676695409,9.370573752,4.667427695,6.381002414,4.135296557,8.71450879,0.163701574,8.479539369
442,35.16203169,57.94105975,10.04767668,0.976928459,1.966717761,2.793826838,1.982335594,5.092880214,1.323571305,5.38500883,0.973061001,0.570512347,0.101151148,4.150162776
443,76.91686852,59.95838864,8.709069466,0.301218322,4.672897986,7.014010239,1.705173704,6.619343057,2.370044532,7.486304258,4.173063375,7.42693671,4.099812076,5.784176983
444,64.61465902,10.2103418,16.50445485,1.365959427,4.611544498,6.706199987,0.266261142,7.641392312,1.669791729,9.479700046,1.006858365,4.240338599,0.771297715,1.61971542
445,29.54495674,40.04111433,16.17503084,1.898300295,0.074268947,2.004720036,1.983740376,4.177347226,3.107856861,9.347979524,3.82340162,3.520182557,0.719923927,8.877683775
446,78.98216216,17.727257,15.467947,0.916641972,3.677297473,9.919527449,3.800898167,5.422186652,3.976356232,1.72008949,3.88163417,0.735626335,0.724534405,2.349053445
447,15.80674826,0.289593476,17.60189089,1.755701869,4.048641547,1.20560157,4.113834086,1.715155854,4.346636701,6.646081402,1.549248225,8.954963055,1.671788238,1.582187222
448,96.50094911,80.73595725,12.58773651,0.379559189,1.771829575,4.859845787,2.00461099,9.35417732,0.667079824,0.915085516,2.903143816,8.646898726,3.771522917,3.479823707
449,8.517738836,30.42822695,7.992681457,1.537111448,1.923659942,1.167960513,4.364029559,6.948346863,3.773147063,9.159629019,4.089175278,8.517082396,0.932026728,6.596296299
450,24.27767712,73.56033242,3.229556963,0.826682123,3.747217659,3.65338954,1.510928876,3.564165649,2.292828217,8.280288988,4.463674212,6.361575776,1.371823827,3.320508255
451,79.58339327,86.80329881,15.15941377,1.264426966,1.49496837,1.565025311,0.608001572,5.542593724,4.495954092,5.260406461,3.161683327,2.196558921,0.132100405,2.1055169
452,62.9305949,46.89773642,8.916836192,1.762576772,0.155379769,6.191301424,2.99824491,2.522855919,1.186689193,8.884898269,0.896355929,0.200095106,3.806735762,1.45080408
453,71.99880629,34.76259816,12.91303258,1.203696278,2.54950016,1.761932015,4.295234702,4.770211871,1.687334301,1.556076149,4.848969214,6.748922903,2.575191431,3.736496232
454,6.210839404,14.582148,10.55695723,0.409969152,2.356678566,6.37231146,4.405363669,4.042696902,2.924819847,7.292845865,0.300603986,9.656747931,0.032895788,4.609533095
455,57.99026912,32.42798804,15.07536321,1.884591546,2.297508624,1.364975925,3.639953302,2.745652683,0.366123213,6.119985269,2.408629537,8.081116604,1.711701494,4.907649206
456,39.58887519,18.51973135,2.645322713,1.122060612,0.633712564,4.186064119,4.917209276,9.841311314,4.681701937,0.152952393,4.475668859,4.901995138,3.97531534,7.46997321
457,25.32956731,52.45922529,7.411952846,1.418735013,1.395745722,3.981507156,0.751736535,7.400028032,2.458015764,9.208130237,2.295299249,3.560999324,4.932943598,3.093137884
458,48.16372725,19.52340299,5.953868783,1.796110482,4.429676791,9.792364216,0.647640636,7.818984188,0.011801172,9.543337081,0.228245402,5.323563855,2.68524332,9.513904478
459,35.10256213,44.12648445,18.05130115,1.258024137,0.213124028,5.025494256,3.83954173,2.078990575,3.528019112,2.821114634,3.073554261,1.608077593,2.673833725,4.897332825
460,33.48396686,41.68510137,15.70946513,1.116600997,2.638830946,9.208337481,3.368020051,0.523285237,2.384790151,1.46676445,4.551914614,4.224135182,3.701312968,2.791924626
461,4.056226599,8.26791155,6.555580023,0.082936149,1.804177848,2.3309689,0.548441346,5.985307336,0.509326451,1.538522398,3.545750632,1.430174813,3.1955629,9.380522021
462,82.59969628,73.24150716,10.36591132,0.164957868,4.769334977,8.7799372,2.173059244,4.219791375,3.008409414,0.072967192,1.318398074,7.147571649,4.722048191,3.996312867
463,56.2203124,82.39999636,6.579524833,1.443864456,3.382859206,8.98657323,3.989697067,3.904992187,1.397297619,8.635209211,4.215076157,3.86779976,4.381735619,8.475141847
464,8.796735273,54.87630674,7.111690506,1.052803265,0.345575391,5.920212129,0.631645696,2.688207744,1.994019605,9.880169736,4.054378833,7.060265249,3.018056496,1.669362198
465,84.72207466,77.84714626,19.40669729,1.235158719,1.219840565,4.83805044,3.169931984,6.228612679,2.006980578,0.218997328,4.868964716,3.269991149,0.969927973,3.045342352
466,56.85044233,19.90194271,12.86446237,0.202307049,1.729868642,3.342752441,0.661123281,2.192173075,1.712877727,4.128595675,2.685274059,0.382443784,1.772325266,3.562688287
467,38.036372,6.64218333,19.98106766,1.788283165,4.37894609,6.986296077,2.989939263,4.916457872,3.877234651,6.213213257,1.123613916,5.283189728,4.031390519,6.122603504
468,35.86363286,22.55492401,11.57737237,1.458493884,4.58739234,6.724020715,2.014366078,9.443747315,2.267535748,1.23528748,2.373321266,2.634104948,2.144550146,5.381929683
469,58.77172713,42.80242287,19.43712858,1.507772823,3.219802289,0.758715236,4.874746844,1.777426733,1.913103339,7.810337651,0.062960944,0.628156131,4.408037243,4.536691261
470,52.13975593,19.65779452,9.199056818,0.823853607,3.65327482,2.380615273,2.080779935,2.577976833,0.683780392,5.887861766,1.044946864,4.464315527,4.49876744,7.976345659
471,53.52360541,20.30079175,11.25505002,0.617581741,3.277363778,5.280081002,3.432781222,2.298223279,1.22614877,5.346953539,2.896015421,0.695435341,1.644759731,2.123807004
472,11.54424238,74.44315381,5.243643626,0.810546,1.441840461,6.525186908,2.906217327,4.509856732,0.172130099,5.641197877,3.583695245,3.675721334,3.825890318,9.481509791
473,87.43261818,17.32699303,9.121491815,1.32778292,2.428662,2.14101395,1.226440832,5.729774566,1.806826182,2.636426867,2.668856323,6.814416768,1.535765337,6.933701996
474,4.719999136,70.41850753,15.79344329,0.667999381,3.54655149,8.497376106,3.38168852,7.893005781,4.906337937,7.399207465,4.069815496,1.983960753,1.901561647,1.906879627
475,91.66599954,14.3840022,17.43313906,0.002392426,4.156191677,9.08459175,2.649010955,7.315471955,4.512876623,6.689404074,0.966702899,0.67835423,3.55258818,5.434559464
476,17.13408106,31.22291135,6.469056261,0.293592274,0.014294628,5.693136187,3.281834395,8.021651237,0.90185748,4.59945157,3.774359753,0.475885301,0.412080572,8.846830718
477,60.34928108,75.53544085,13.13663628,1.855224018,4.24874942,1.271709887,3.681277541,8.609404058,4.132701795,8.725243613,2.643918008,6.616065648,1.176999765,7.042766791
478,29.85700178,41.21153073,9.953818393,0.50703038,0.813411362,4.550044935,1.092592195,3.507769881,1.589214475,9.776354027,1.278883137,3.216478541,3.161118103,1.192029917
479,59.73082908,41.1916668,13.18571039,0.805113516,2.230818907,0.010341932,1.592731246,1.13235817,4.005542306,4.000666216,4.770457486,1.735819426,0.071374159,7.611764827
480,13.70641165,91.18825295,5.279661533,1.01872926,2.037408602,9.616594737,2.74905256,1.201468648,0.739791207,9.271393215,0.18273147,6.771439074,2.810875541,2.814778035
481,17.38712697,78.82465207,10.76532763,1.393507477,1.622085523,3.672394499,1.892625056,6.457479387,3.385038487,5.038639584,4.959933444,9.122086741,0.086892129,5.532990036
482,2.70511724,8.120859008,9.847646766,1.805408913,3.510784436,3.015445916,1.265459537,0.02498456,4.098895205,3.38380394,3.569926503,7.041557715,3.109232558,8.154068891
483,16.00594191,74.21337076,5.808858342,1.331847135,3.610747516,7.424415732,1.204494198,1.407621059,2.886099306,1.010560384,4.637059512,3.653921601,0.39543205,2.177574697
484,99.10531836,62.24751556,16.70088945,1.378034058,3.12308897,7.735399383,0.259751207,0.940665694,2.35013039,3.10350202,4.755947934,1.255640272,1.390545864,8.767631678
485,21.53783421,51.61524904,14.81982976,0.835102686,2.76071669,4.819732836,1.937735828,3.789406253,2.50669964,3.32699901,4.295091202,1.774917014,0.831914069,0.591487733
486,0.917967029,1.745296827,13.74593342,0.962158346,4.203417648,8.475498638,1.058818751,5.504277482,2.66441822,5.914808109,3.021819522,7.308308336,0.4907947,8.702543471
487,51.62870279,65.46022066,19.53476914,0.774601584,3.863054821,1.588095857,3.762788126,5.261863867,4.203749575,9.992094461,2.292494533,1.822187161,4.207125598,7.399768051
488,28.25296668,3.617545012,3.461249509,0.596841634,3.210758027,1.929600924,2.613565732,8.131117043,1.46008535,0.972252886,2.35979025,7.468430992,1.14984886,5.041849516
489,88.0925396,8.660745655,16.82225066,1.718083258,1.609687496,4.080822417,2.694828899,7.74973006,0.46782201,3.150772545,3.257312624,3.477933216,3.3439445,4.843015872
490,91.39248282,0.793734392,8.516965177,0.031260253,1.742566269,1.484430268,4.259161281,8.951806372,2.378104042,9.760818255,4.81537762,8.393352862,3.637161292,1.233678685
491,77.95105072,23.88399925,7.213477625,0.751697198,2.007116614,8.806005394,2.869907281,8.198243202,2.739648533,1.803905746,3.600328683,9.716642209,1.949977928,4.371753695
492,23.13515621,61.94845903,8.965021464,1.065791543,2.809651645,6.774315235,1.167643479,6.635330566,4.738573107,2.571732516,0.214711609,2.592339938,3.404264564,8.922652377
493,34.46889181,19.11774412,8.187058903,1.496699629,4.053981614,2.015686223,2.243099203,9.190259006,1.533414896,3.106076859,4.269067203,4.382936696,0.753365691,1.047404074
494,39.79457905,23.42922172,14.44188052,0.053247393,0.418694202,7.51190713,4.527153722,4.707901097,3.39801774,0.602578905,2.436788477,0.333029164,2.588590636,9.764622019
495,51.92127852,92.99535738,18.75918009,0.047012057,0.327653875,4.634777317,0.152252219,7.324428394,3.657693605,9.366233938,2.41349097,6.550119262,1.197211872,2.238304873
496,6.916296015,67.55298045,13.10590776,1.101402794,0.384418228,5.091621531,3.892284485,1.54913735,1.786844514,3.639133375,3.684320404,9.680550709,4.625679006,7.890457826
497,23.43318979,68.45660194,0.162846008,0.32904582,4.016805516,2.633778564,1.811473707,4.451386342,0.115211078,5.811457873,4.80149983,1.871447558,4.349794535,3.078663975
498,97.5844594,45.54380954,11.00114593,0.49609632,2.339718568,1.023260556,2.495587744,4.838680572,0.008490975,9.589799402,1.805155658,4.411608964,1.187983765,3.538251569
499,59.29181044,94.89544806,9.732375933,1.8659102,0.238214992,0.193460758,4.790416727,4.641850707,4.327898119,3.573533066,3.743335593,0.650398937,3.327423783,2.021082523
500,55.76798361,40.6002445,6.738180737,0.27863943,1.536613192,6.919168285,1.069040562,0.621328648,0.996863794,9.824338855,4.110000267,5.951824782,0.648818804,9.954401442
501,92.25572275,3.803646648,18.68335116,1.351313276,0.899722463,5.67073316,0.166388232,5.595711041,4.45556064,0.36970338,0.806513275,6.122598075,1.427222816,0.422335199
502,75.53982316,6.48833442,10.81800802,0.108303691,3.268313883,6.299179374,4.331514029,1.047526581,4.912687266,6.81140641,2.792712225,4.921054828,3.878787878,6.18125758
503,28.58109365,60.11036514,6.323205725,0.434840332,2.078067582,8.393842771,0.462752027,3.468880431,2.558404635,6.77529314,0.075871506,3.950025545,2.756841247,4.265856846
504,34.80824436,29.41494167,11.16255336,0.672090967,1.240872581,8.160197035,3.504479349,3.750042269,3.559601948,5.919241046,3.721859218,1.492903477,1.605669751,7.81340132
505,1.311980153,53.66543159,18.23021377,1.353433522,4.236318898,4.519098162,4.487218195,4.987122932,4.423094697,5.067698721,1.3959034,0.133067967,2.239935727,7.636407468
506,14.05114607,52.94277034,6.885119359,1.25031533,3.198653957,1.52171975,0.944401764,7.853859739,2.911774957,2.35189969,2.488620334,1.294557985,3.949830738,0.922803432
507,95.05874876,99.23813255,19.16235551,1.267900285,0.723360652,0.598366086,3.115649037,2.031253058,2.330648617,4.886699621,1.964706127,0.992737013,1.651583157,2.213477424
508,96.69113236,81.01012649,12.17701017,1.435292592,4.114251925,9.031665023,1.760036761,2.964882394,3.099380619,0.570472212,4.517174682,2.292066545,1.460908372,7.532558468
509,56.41146203,92.12251567,13.20619648,1.04485178,2.799532003,6.686197696,1.411587713,8.308065443,0.21152659,6.910987088,4.915351811,2.806681698,4.794675046,2.414082862
510,31.90738851,70.91633462,14.06612718,0.467062718,3.072508737,9.861233125,3.978997742,3.774290441,4.732704622,9.034731918,2.12960188,2.126209648,0.239115079,2.444105834
511,64.86532965,24.44738292,0.19961474,1.710282321,4.959373117,5.453578837,1.557723562,4.859748598,3.415681684,2.855554662,3.060196281,0.355658155,1.002976615,7.126832229
512,40.90256299,77.45979313,14.33143296,1.859017645,2.607013184,6.960186619,4.042361496,6.553223948,0.567327009,8.776881437,2.75729863,1.186719752,1.910178933,7.498844626
